"y4_hhid","mean_season_1983","median_season_1983","sd_season_1983","total_season_1983","skew_season_1983","norain_1983","raindays_1983","raindays_percent_1983","dry_1983","dry_start_1983","dry_end_1983","dev_total_season_1983","z_total_season_1983","dev_raindays_1983","dev_norain_1983","dev_raindays_percent_1983","mean_season_1984","median_season_1984","sd_season_1984","total_season_1984","skew_season_1984","norain_1984","raindays_1984","raindays_percent_1984","dry_1984","dry_start_1984","dry_end_1984","dev_total_season_1984","z_total_season_1984","dev_raindays_1984","dev_norain_1984","dev_raindays_percent_1984","mean_season_1985","median_season_1985","sd_season_1985","total_season_1985","skew_season_1985","norain_1985","raindays_1985","raindays_percent_1985","dry_1985","dry_start_1985","dry_end_1985","dev_total_season_1985","z_total_season_1985","dev_raindays_1985","dev_norain_1985","dev_raindays_percent_1985","mean_season_1986","median_season_1986","sd_season_1986","total_season_1986","skew_season_1986","norain_1986","raindays_1986","raindays_percent_1986","dry_1986","dry_start_1986","dry_end_1986","dev_total_season_1986","z_total_season_1986","dev_raindays_1986","dev_norain_1986","dev_raindays_percent_1986","mean_period_total_season","sd_period_total_season","mean_period_norain","sd_period_norain","mean_period_raindays","sd_period_raindays","mean_period_raindays_percent","sd_period_raindays_percent"
"1000-001",1.23983739837398,0,4.56108185944462,305,0.271829674752856,211,35,0.142276422764228,78,0,19,-105.75,-1.33498502702369,1.5,-1.5,0.00609756097560976,1.60569105691057,0,6.51865518637537,395,0.24632244090263,215,31,0.126016260162602,86,1,0,-15.75,-0.198827557216295,-2.5,2.5,-0.0101626016260163,1.92682926829268,0,6.92840439469623,474,0.278105774219486,207,39,0.158536585365854,70,6,7,63.25,0.798466221836867,5.5,-5.5,0.0223577235772358,1.90650406504065,0,8.78376275503375,469,0.217048674720647,217,29,0.117886178861789,92,2,4,58.25,0.735346362403123,-4.5,4.5,-0.0182926829268293,410.75,79.214371591692,212.5,4.43471156521669,33.5,4.43471156521669,0.136178861788618,0.0180272827854337
"1001-001",1.29268292682927,0,4.83141371513653,318,0.267557903969054,211,35,0.142276422764228,78,0,19,-111.5,-1.33024335138902,1.5,-1.5,0.00609756097560976,1.67479674796748,0,6.44980105367517,412,0.259666419790291,215,31,0.126016260162602,86,1,0,-17.5,-0.20878258878303,-2.5,2.5,-0.0101626016260163,1.99593495934959,0,7.24920711637905,491,0.275331484851623,207,39,0.158536585365854,70,6,7,61.5,0.733721669151792,5.5,-5.5,0.0223577235772358,2.02032520325203,0,9.19336459338323,497,0.219759064565559,217,29,0.117886178861789,92,2,4,67.5,0.805304271020259,-4.5,4.5,-0.0182926829268293,429.5,83.8192499767605,212.5,4.43471156521669,33.5,4.43471156521669,0.136178861788618,0.0180272827854337
"1002-001",1.32113821138211,0,5.05303710705843,325,0.261454286479839,212,34,0.138211382113821,78,0,19,-117.25,-1.34498660947199,1.25,-1.25,0.00508130081300814,1.73577235772358,0,6.43264163315667,427,0.269838187281667,216,30,0.121951219512195,86,1,0,-15.25,-0.174934292489961,-2.75,2.75,-0.0111788617886179,2.04878048780488,0,7.62418671049678,504,0.268721185039208,207,39,0.158536585365854,70,6,7,61.75,0.708340495820006,6.25,-6.25,0.0254065040650407,2.08536585365854,0,9.55397284968633,513,0.218272114278303,218,28,0.113821138211382,92,2,4,70.75,0.81158040614195,-4.75,4.75,-0.0193089430894309,442.25,87.1755890908305,213.25,4.85626742811116,32.75,4.85626742811116,0.133130081300813,0.0197409245045169
"1003-001",1.34552845528455,0,5.10607084904954,331,0.26351542997783,212,34,0.138211382113821,78,0,19,-112.5,-1.32006251964143,1.5,-1.5,0.00609756097560976,1.72357723577236,0,6.53005711511495,424,0.263945200690947,217,29,0.117886178861789,86,1,0,-19.5,-0.228810836737848,-3.5,3.5,-0.0142276422764228,2.05284552845528,0,7.40940191701583,505,0.277059545621474,207,39,0.158536585365854,70,6,7,61.5,0.721634177403982,6.5,-6.5,0.0264227642276423,2.08943089430894,0,9.51690923080859,514,0.219549314134986,218,28,0.113821138211382,92,2,4,70.5,0.827239178975296,-4.5,4.5,-0.0182926829268293,443.5,85.2232362680507,213.5,5.06622805119022,32.5,5.06622805119022,0.132113821138211,0.020594422972318
"1005-001",1.34146341463415,0,5.0786938193694,330,0.26413551640345,212,34,0.138211382113821,78,0,19,-111,-1.31100330161291,1.25,-1.25,0.00508130081300814,1.70731707317073,0,6.48103255481758,420,0.26343288029029,216,30,0.121951219512195,86,1,0,-21,-0.248027651656497,-2.75,2.75,-0.0111788617886179,2.04471544715447,0,7.37688284649716,503,0.277178788073798,207,39,0.158536585365854,70,6,7,62,0.732272114414418,6.25,-6.25,0.0254065040650407,2.07723577235772,0,9.46562686353602,511,0.219450418055222,218,28,0.113821138211382,92,2,4,70,0.826758838854988,-4.75,4.75,-0.0193089430894309,441,84.6679789924542,213.25,4.85626742811116,32.75,4.85626742811116,0.133130081300813,0.0197409245045169
"1006-001",1.28455284552846,0,4.77667859193659,316,0.26892176662187,211,35,0.142276422764228,78,0,19,-103.25,-1.30169753873068,1.75,-1.75,0.00711382113821138,1.61788617886179,0,6.69025526519897,398,0.241827271864742,215,31,0.126016260162602,86,1,0,-21.25,-0.267903851796872,-2.25,2.25,-0.00914634146341464,1.94715447154472,0,6.86140135865936,479,0.283783788436648,207,39,0.158536585365854,70,6,7,59.75,0.75328259505238,5.75,-5.75,0.0233739837398374,1.96747967479675,0,8.90854665015302,484,0.220853047310804,218,28,0.113821138211382,92,2,4,64.75,0.816318795475173,-5.25,5.25,-0.0213414634146342,419.25,79.3195015953412,212.75,4.78713553878169,33.25,4.78713553878169,0.135162601626016,0.0194599005641532
"1007-001",1.30081300813008,0,4.82414837039505,320,0.269646144408191,211,35,0.142276422764228,78,0,19,-101.5,-1.29179754169177,1.5,-1.5,0.00609756097560976,1.6219512195122,0,6.65838169448459,399,0.243595410106291,215,31,0.126016260162602,86,1,0,-22.5,-0.286359060966157,-2.5,2.5,-0.0101626016260163,1.95121951219512,0,6.88370291730102,480,0.283454927622031,207,39,0.158536585365854,70,6,7,58.5,0.744533558512008,5.5,-5.5,0.0223577235772358,1.97967479674797,0,8.94082550495969,487,0.221419688333006,217,29,0.117886178861789,92,2,4,65.5,0.833623044145923,-4.5,4.5,-0.0182926829268293,421.5,78.5726839726547,212.5,4.43471156521669,33.5,4.43471156521669,0.136178861788618,0.0180272827854337
"1009-001",1.33333333333333,0,5.08646329422885,328,0.262133678394209,212,34,0.138211382113821,78,0,19,-117,-1.34167019006972,1.25,-1.25,0.00508130081300814,1.74390243902439,0,6.44058111640352,429,0.270767871331182,216,30,0.121951219512195,86,1,0,-16,-0.183476265308679,-2.75,2.75,-0.0111788617886179,2.0650406504065,0,7.70659917308973,508,0.267957448418663,207,39,0.158536585365854,70,6,7,63,0.722437794652925,6.25,-6.25,0.0254065040650407,2.09349593495935,0,9.60545117203512,515,0.217948735302956,218,28,0.113821138211382,92,2,4,70,0.802708660725473,-4.75,4.75,-0.0193089430894309,445,87.2047399323378,213.25,4.85626742811116,32.75,4.85626742811116,0.133130081300813,0.0197409245045169
"1019-001",1.57723577235772,0,5.84634283742888,388,0.269781608129462,208,38,0.154471544715447,26,9,19,-126.25,-1.32890442206535,2.75,-2.75,0.0111788617886179,2.01626016260163,0,7.43624190782084,496,0.271139668073612,214,32,0.130081300813008,28,26,0,-18.25,-0.192099055070833,-3.25,3.25,-0.0132113821138211,2.32926829268293,0,10.3071857772184,573,0.225984894715998,210,36,0.146341463414634,45,6,3,58.75,0.618401067693778,0.75,-0.75,0.00304878048780485,2.4390243902439,0,10.5854319156196,600,0.230413308562774,211,35,0.142276422764228,30,2,4,85.75,0.902602409442408,-0.25,0.25,-0.00101626016260165,514.25,95.0030701258298,210.75,2.5,35.25,2.5,0.143292682926829,0.0101626016260163
"1020-001",1.5650406504065,0,5.83670977681339,385,0.268137479890418,208,38,0.154471544715447,26,9,19,-126.75,-1.33215177161432,2.75,-2.75,0.0111788617886179,2.00813008130081,0,7.38337452295867,494,0.27197998355041,214,32,0.130081300813008,28,26,0,-17.75,-0.186553798391749,-3.25,3.25,-0.0132113821138211,2.32113821138211,0,10.2295350865492,571,0.226905542797753,210,36,0.146341463414634,45,6,3,59.25,0.622721834068234,0.75,-0.75,0.00304878048780485,2.42682926829268,0,10.566443405042,597,0.229673237745698,211,35,0.142276422764228,30,2,4,85.25,0.895983735937839,-0.25,0.25,-0.00101626016260165,511.75,95.1468163769375,210.75,2.5,35.25,2.5,0.143292682926829,0.0101626016260163
"1021-001",1.5650406504065,0,5.83670977681339,385,0.268137479890418,208,38,0.154471544715447,26,9,19,-126.25,-1.32509270950551,2.75,-2.75,0.0111788617886179,2,0,7.34235684788152,492,0.272392099898694,214,32,0.130081300813008,28,26,0,-19.25,-0.202043838875097,-3.25,3.25,-0.0132113821138211,2.32113821138211,0,10.2295350865492,571,0.226905542797753,210,36,0.146341463414634,45,6,3,59.75,0.627123084300626,0.75,-0.75,0.00304878048780485,2.42682926829268,0,10.566443405042,597,0.229673237745698,211,35,0.142276422764228,30,2,4,85.75,0.900013464079977,-0.25,0.25,-0.00101626016260165,511.25,95.2763524350787,210.75,2.5,35.25,2.5,0.143292682926829,0.0101626016260163
"1022-001",1.56910569105691,0,5.83945943935617,386,0.268707353369324,208,38,0.154471544715447,26,9,19,-126.75,-1.32834223197105,2.75,-2.75,0.0111788617886179,2.00813008130081,0,7.4054540683553,494,0.271169068468317,214,32,0.130081300813008,28,26,0,-18.75,-0.196500330173232,-3.25,3.25,-0.0132113821138211,2.32926829268293,0,10.3071857772184,573,0.225984894715998,210,36,0.146341463414634,45,6,3,60.25,0.631421060956653,0.75,-0.75,0.00304878048780485,2.43089430894309,0,10.5649256453051,598,0.230091000216679,211,35,0.142276422764228,30,2,4,85.25,0.893421501187629,-0.25,0.25,-0.00101626016260165,512.75,95.4196869973208,210.75,2.5,35.25,2.5,0.143292682926829,0.0101626016260163
"1023-001",1.56910569105691,0,5.83945943935617,386,0.268707353369324,208,38,0.154471544715447,26,9,19,-126.75,-1.32951091527706,2.75,-2.75,0.0111788617886179,2.00813008130081,0,7.4054540683553,494,0.271169068468317,214,32,0.130081300813008,28,26,0,-18.75,-0.196673212319092,-3.25,3.25,-0.0132113821138211,2.33333333333333,0,10.3112117830725,574,0.226290894069683,210,36,0.146341463414634,45,6,3,61.25,0.642465826909034,0.75,-0.75,0.00304878048780485,2.42682926829268,0,10.5265811119007,597,0.230542969506885,211,35,0.142276422764228,30,2,4,84.25,0.88371830068712,-0.25,0.25,-0.00101626016260165,512.75,95.3358099911396,210.75,2.5,35.25,2.5,0.143292682926829,0.0101626016260163
"1024-001",1.55691056910569,0,5.78763751175552,383,0.269006233708207,208,38,0.154471544715447,26,9,19,-127,-1.328017968531,2.75,-2.75,0.0111788617886179,1.99593495934959,0,7.33206431242026,491,0.272220056221895,214,32,0.130081300813008,28,26,0,-19,-0.198679853559757,-3.25,3.25,-0.0132113821138211,2.32113821138211,0,10.2287370460057,571,0.226923245845733,210,36,0.146341463414634,45,6,3,61,0.637866898270797,0.75,-0.75,0.00304878048780485,2.41869918699187,0,10.5175992418034,595,0.229966851881794,211,35,0.142276422764228,30,2,4,85,0.888830923819964,-0.25,0.25,-0.00101626016260165,510,95.6312361800962,210.75,2.5,35.25,2.5,0.143292682926829,0.0101626016260163
"1025-001",1.55691056910569,0,5.78763751175552,383,0.269006233708207,208,38,0.154471544715447,26,9,19,-126.75,-1.32446876475194,2.75,-2.75,0.0111788617886179,1.99186991869919,0,7.31003887307495,490,0.272484175978302,214,32,0.130081300813008,28,26,0,-19.75,-0.206376789773971,-3.25,3.25,-0.0132113821138211,2.32113821138211,0,10.2287370460057,571,0.226923245845733,210,36,0.146341463414634,45,6,3,61.25,0.640029284742063,0.75,-0.75,0.00304878048780485,2.41869918699187,0,10.5175992418034,595,0.229966851881794,211,35,0.142276422764228,30,2,4,85.25,0.890816269783851,-0.25,0.25,-0.00101626016260165,509.75,95.6987460732898,210.75,2.5,35.25,2.5,0.143292682926829,0.0101626016260163
"1026-001",1.5609756097561,0,5.79886877281256,384,0.269186227678506,208,38,0.154471544715447,26,9,19,-126.5,-1.32986093861105,2.75,-2.75,0.0111788617886179,2,0,7.3479137675053,492,0.272186101154944,214,32,0.130081300813008,28,26,0,-18.5,-0.194485591812684,-3.25,3.25,-0.0132113821138211,2.32113821138211,0,10.2287370460057,571,0.226923245845733,210,36,0.146341463414634,45,6,3,60.5,0.636020448900938,0.75,-0.75,0.00304878048780485,2.41869918699187,0,10.5175992418034,595,0.229966851881794,211,35,0.142276422764228,30,2,4,84.5,0.888326081522798,-0.25,0.25,-0.00101626016260165,510.5,95.1227277433387,210.75,2.5,35.25,2.5,0.143292682926829,0.0101626016260163
"1038-001",1.98373983739837,0,6.30384882735632,488,0.314687089066872,198,48,0.195121951219512,35,9,18,-157.75,-1.34984045025402,-0.5,0.5,-0.00203252032520324,2.61382113821138,0,10.1760649561787,643,0.256859714385405,193,53,0.215447154471545,38,0,5,-2.75,-0.0235312915258229,4.5,-4.5,0.0182926829268293,2.78861788617886,0,10.8873654784597,686,0.256133395328378,202,44,0.178861788617886,26,5,3,40.25,0.344412539605226,-4.5,4.5,-0.0182926829268293,3.11382113821138,0,12.9247133956508,766,0.240919937091928,197,49,0.199186991869919,40,2,1,120.25,1.02895920217462,0.5,-0.5,0.00203252032520326,645.75,116.865663619959,197.5,3.69684550213647,48.5,3.69684550213647,0.197154471544715,0.0150278272444572
"1039-001",1.98780487804878,0,6.32357539482348,489,0.314348252995609,198,48,0.195121951219512,35,9,18,-163,-1.36437905201614,-0.5,0.5,-0.00203252032520324,2.65040650406504,0,10.2487301272809,652,0.258608283284773,193,53,0.215447154471545,38,0,5,0,0,4.5,-4.5,0.0182926829268293,2.82520325203252,0,11.0411999754237,695,0.255878279382773,202,44,0.178861788617886,26,5,3,43,0.359928216176037,-4.5,4.5,-0.0182926829268293,3.13821138211382,0,13.0429902689197,772,0.240605207656399,197,49,0.199186991869919,40,2,1,120,1.0044508358401,0.5,-0.5,0.00203252032520326,652,119.468266358337,197.5,3.69684550213647,48.5,3.69684550213647,0.197154471544715,0.0150278272444572
"1040-001",1.97967479674797,0,6.31515778528097,487,0.313479862904152,198,48,0.195121951219512,35,9,18,-160.5,-1.36909714082256,-0.5,0.5,-0.00203252032520324,2.65040650406504,0,10.2896688745735,652,0.257579377565239,193,53,0.215447154471545,38,0,5,4.5,0.0383859011445578,4.5,-4.5,0.0182926829268293,2.78455284552846,0,10.8930948547014,685,0.255625502455499,202,44,0.178861788617886,26,5,3,37.5,0.319882509537982,-4.5,4.5,-0.0182926829268293,3.11382113821138,0,12.9240817789544,766,0.240931711162794,197,49,0.199186991869919,40,2,1,118.5,1.01082873014002,0.5,-0.5,0.00203252032520326,647.5,117.23054209548,197.5,3.69684550213647,48.5,3.69684550213647,0.197154471544715,0.0150278272444572
"1041-001",1.97560975609756,0,6.33997800116462,486,0.311611452868551,200,46,0.186991869918699,35,9,18,-159,-1.34781259913803,-1,1,-0.0040650406504065,2.63008130081301,0,10.3882463799482,647,0.253178563986478,196,50,0.203252032520325,38,0,5,2,0.0169536175992205,3,-3,0.0121951219512195,2.75609756097561,0,10.7940584286853,678,0.255334689837445,203,43,0.17479674796748,41,5,3,33,0.279734690387138,-4,4,-0.016260162601626,3.1260162601626,0,12.8728623739126,769,0.242837697581357,197,49,0.199186991869919,40,2,1,124,1.05112429115167,2,-2,0.00813008130081302,645,117.968922461243,199,3.16227766016838,47,3.16227766016838,0.191056910569106,0.0128547872364568
"1042-001",1.92682926829268,0,6.23966342853074,474,0.308803397869554,200,46,0.186991869918699,35,9,18,-153,-1.36603512922566,-0.75,0.75,-0.00304878048780488,2.54878048780488,0,10.128745643101,627,0.251638315109722,196,50,0.203252032520325,38,0,5,0,0,3.25,-3.25,0.0132113821138211,2.71544715447154,0,10.4452081193426,668,0.259970612691101,203,43,0.17479674796748,41,5,3,41,0.366061701295766,-3.75,3.75,-0.0152439024390244,3.00406504065041,0,12.3867928241826,739,0.242521618250174,198,48,0.195121951219512,40,2,4,112,0.999973427929898,1.25,-1.25,0.00508130081300814,627,112.002976150934,199.25,2.98607881119482,46.75,2.98607881119482,0.190040650406504,0.0121385317528245
"1043-001",1.96747967479675,0,6.3037856580022,484,0.312110814284933,200,46,0.186991869918699,35,9,18,-157,-1.35381723194328,-1,1,-0.0040650406504065,2.60975609756098,0,10.3190999024824,642,0.252905400880281,196,50,0.203252032520325,38,0,5,1,0.00862303969390625,3,-3,0.0121951219512195,2.7520325203252,0,10.7102609552499,677,0.256952891421028,203,43,0.17479674796748,41,5,3,36,0.310429428980625,-4,4,-0.016260162601626,3.09349593495935,0,12.7856503739019,761,0.241950612170172,197,49,0.199186991869919,40,2,1,120,1.03476476326875,2,-2,0.00813008130081302,641,115.968386496781,199,3.16227766016838,47,3.16227766016838,0.191056910569106,0.0128547872364568
"1044-001",1.96341463414634,0,6.3047344476947,483,0.31141908520259,200,46,0.186991869918699,35,9,18,-157.25,-1.35475212946962,-1,1,-0.0040650406504065,2.60569105691057,0,10.3191425115439,641,0.25251042458185,196,50,0.203252032520325,38,0,5,0.75,0.00646145689731136,3,-3,0.0121951219512195,2.7520325203252,0,10.7281574932016,677,0.256524246784143,203,43,0.17479674796748,41,5,3,36.75,0.316611387968257,-4,4,-0.016260162601626,3.08943089430894,0,12.7855199538823,760,0.241635139239749,197,49,0.199186991869919,40,2,1,119.75,1.03167928460405,2,-2,0.00813008130081302,640.25,116.072893763646,199,3.16227766016838,47,3.16227766016838,0.191056910569106,0.0128547872364568
"1045-001",1.96747967479675,0,6.3037856580022,484,0.312110814284933,200,46,0.186991869918699,35,9,18,-155.75,-1.35247848765073,-1.75,1.75,-0.00711382113821138,2.59349593495935,0,10.2103088349014,638,0.254007589476053,194,52,0.211382113821138,38,0,5,-1.75,-0.0151963875016936,4.25,-4.25,0.0172764227642277,2.76016260162602,0,10.6936657950732,679,0.258111919197782,202,44,0.178861788617886,26,5,3,39.25,0.340833262537984,-3.75,3.75,-0.0152439024390244,3.08130081300813,0,12.7315090379189,758,0.242021649109381,197,49,0.199186991869919,40,2,1,118.25,1.02684161261444,1.25,-1.25,0.00508130081300814,639.75,115.158948125334,198.25,3.5,47.75,3.5,0.194105691056911,0.0142276422764228
"1057-001",0.650406504065041,0,3.48286473651439,160,0.186744692449917,231,15,0.0609756097560976,142,0,21,-51,-0.602549024257085,-6.75,6.75,-0.0274390243902439,0.504065040650406,0,2.36944489749879,124,0.212735498167736,230,16,0.0650406504065041,150,25,0,-87,-1.02787774726209,-5.75,5.75,-0.0233739837398374,1.26016260162602,0,4.20754889793985,310,0.299500405626428,219,27,0.109756097560976,172,4,4,99,1.16965398826375,5.25,-5.25,0.0213414634146342,1.01626016260163,0,3.89554164809454,250,0.260877755754124,217,29,0.117886178861789,159,0,4,39,0.460772783255418,7.25,-7.25,0.0294715447154472,211,84.6404158779953,224.25,7.27438428093173,21.75,7.27438428093173,0.0884146341463415,0.0295706678086656
"1058-001",0.691056910569106,0,3.57229722304978,170,0.193448883847108,232,14,0.0569105691056911,142,1,21,-52,-0.564041310029294,-6.75,6.75,-0.0274390243902439,0.516260162601626,0,2.43732452793799,127,0.211814289268401,231,15,0.0609756097560976,150,25,0,-95,-1.03046008563044,-5.75,5.75,-0.0233739837398374,1.35772357723577,0,4.49603922072517,334,0.301982147081178,219,27,0.109756097560976,172,4,4,112,1.21485820621694,6.25,-6.25,0.0254065040650406,1.04471544715447,0,4.08906362719763,257,0.255490142096529,219,27,0.109756097560976,159,0,4,35,0.379643189442794,6.25,-6.25,0.0254065040650406,222,92.1918289944035,225.25,7.22841614740048,20.75,7.22841614740048,0.084349593495935,0.0293838054772377
"1059-001",0.699186991869919,0,3.55352072463374,172,0.196758945859809,231,15,0.0609756097560976,142,1,21,-58,-0.611917849904026,-9.25,9.25,-0.0376016260162602,0.552845528455285,0,2.48654584459359,136,0.22233474184975,227,19,0.0772357723577236,123,12,0,-94,-0.991728929154801,-5.25,5.25,-0.0213414634146341,1.40650406504065,0,4.59251813612049,346,0.306259882563858,214,32,0.130081300813008,147,4,4,116,1.22383569980805,7.75,-7.75,0.0315040650406504,1.08130081300813,0,4.05692855758973,266,0.266531884320522,215,31,0.126016260162602,146,0,4,36,0.379811079250775,6.75,-6.75,0.0274390243902439,230,94.7839648885823,221.75,8.53912563829967,24.25,8.53912563829967,0.0985772357723577,0.0347118928386165
"1060-001",0.707317073170732,0,3.59076299621301,174,0.196982388956526,232,14,0.0569105691056911,142,1,21,-56,-0.592026597493039,-9.75,9.75,-0.0396341463414634,0.548780487804878,0,2.48827014261678,135,0.220546989012919,227,19,0.0772357723577236,123,12,0,-95,-1.00433083503283,-4.75,4.75,-0.0193089430894309,1.40650406504065,0,4.61291425593805,346,0.304905746563597,214,32,0.130081300813008,147,4,4,116,1.22634080909272,8.25,-8.25,0.0335365853658537,1.07723577235772,0,4.10252909568222,265,0.262578460075147,216,30,0.121951219512195,146,0,4,35,0.370016623433149,6.25,-6.25,0.0254065040650406,230,94.5903448208819,222.25,8.65544144839919,23.75,8.65544144839919,0.0965447154471545,0.0351847213349561
"1061-001",0.727642276422764,0,3.6492951695878,179,0.199392551878711,231,15,0.0609756097560976,136,1,21,-55.75,-0.582726968413113,-9,9,-0.0365853658536585,0.560975609756098,0,2.58613679725118,138,0.216916448639671,227,19,0.0772357723577236,123,12,0,-96.75,-1.01127953711155,-5,5,-0.0203252032520325,1.43089430894309,0,4.68968699327644,352,0.305115098511809,214,32,0.130081300813008,147,4,4,117.25,1.22555582146076,8,-8,0.032520325203252,1.09756097560976,0,4.21351495934135,270,0.260485838118711,216,30,0.121951219512195,146,0,4,35.25,0.368450684063897,6,-6,0.024390243902439,234.75,95.6708767947,222,8.28653526310404,24,8.28653526310404,0.0975609756097561,0.0336851026955449
"1062-001",0.727642276422764,0,3.66825990695601,179,0.198361701427687,230,16,0.0650406504065041,110,0,21,-53,-0.575837553494456,-5,5,-0.0203252032520325,0.560975609756098,0,2.65774598827243,138,0.211071943004132,229,17,0.0691056910569106,123,25,0,-94,-1.02129679299017,-4,4,-0.016260162601626,1.39837398373984,0,4.66990335502562,344,0.299443880832126,221,25,0.101626016260163,172,4,4,112,1.21686426398828,4,-4,0.016260162601626,1.08536585365854,0,4.33834696115937,267,0.250179587611519,220,26,0.105691056910569,146,0,4,35,0.380270082496339,5,-5,0.0203252032520325,232,92.0398464434472,225,5.22812904711937,21,5.22812904711937,0.0853658536585366,0.0212525571021113
"1063-001",0.670731707317073,0,3.49362642319812,165,0.191987243645551,232,14,0.0569105691056911,142,0,21,-53.5,-0.615892582867877,-6.25,6.25,-0.0254065040650407,0.532520325203252,0,2.5708251969869,131,0.207139842034917,229,17,0.0691056910569106,123,25,0,-87.5,-1.00730095328858,-3.25,3.25,-0.0132113821138211,1.30894308943089,0,4.42004724566275,322,0.296137805023537,221,25,0.101626016260163,172,4,4,103.5,1.19149312760421,4.75,-4.75,0.0193089430894309,1.04065040650407,0,4.08661003963689,256,0.254648815622381,221,25,0.101626016260163,159,0,4,37.5,0.43170040855225,4.75,-4.75,0.0193089430894309,218.5,86.8657968746426,225.75,5.61990510002912,20.25,5.61990510002912,0.0823170731707317,0.0228451426830452
"1064-001",0.666666666666667,0,3.50199165878951,164,0.190367862525722,231,15,0.0609756097560976,142,0,21,-50.5,-0.583473961346706,-6.5,6.5,-0.0264227642276423,0.508130081300813,0,2.45571697817304,125,0.206917200075247,231,15,0.0609756097560976,150,25,0,-89.5,-1.03407761466396,-6.5,6.5,-0.0264227642276423,1.28861788617886,0,4.30496065547988,317,0.299333255122448,219,27,0.109756097560976,172,4,4,102.5,1.18427883243638,5.5,-5.5,0.0223577235772358,1.02439024390244,0,3.9753596466933,252,0.257684922860885,217,29,0.117886178861789,159,0,4,37.5,0.433272743574286,7.5,-7.5,0.0304878048780488,214.5,86.5505632563994,224.5,7.54983443527075,21.5,7.54983443527075,0.0873983739837398,0.0306903838832144
"1076-001",1.36178861788618,0,4.4386065164865,335,0.306805438334763,203,43,0.17479674796748,49,0,18,-167,-1.32019591610308,1.25,-1.25,0.00508130081300814,1.9390243902439,0,7.02708618623612,477,0.275935763253032,212,34,0.138211382113821,40,0,0,-25,-0.197634119177108,-7.75,7.75,-0.0315040650406504,2.52439024390244,0,10.3311207402261,621,0.244348150348614,200,46,0.186991869918699,30,5,3,119,0.940738407283035,4.25,-4.25,0.0172764227642276,2.33739837398374,0,10.388965090561,575,0.224988567543403,202,44,0.178861788617886,52,2,1,73,0.577091627997156,2.25,-2.25,0.00914634146341464,502,126.496376759705,204.25,5.31507290636732,41.75,5.31507290636732,0.169715447154472,0.0216059874242574
"1077-001",1.36585365853659,0,4.45800045354449,336,0.306382575051246,203,43,0.17479674796748,49,0,18,-164,-1.30628574162654,1.25,-1.25,0.00508130081300814,1.91463414634146,0,6.97201616875933,471,0.27461699743622,212,34,0.138211382113821,40,0,0,-29,-0.230989551872986,-7.75,7.75,-0.0315040650406504,2.51219512195122,0,10.2891786655083,618,0.244158956085841,200,46,0.186991869918699,30,5,3,118,0.939888521414219,4.25,-4.25,0.0172764227642276,2.33739837398374,0,10.3172128681723,575,0.226553275952501,202,44,0.178861788617886,52,2,1,75,0.597386772085309,2.25,-2.25,0.00914634146341464,500,125.546804021449,204.25,5.31507290636732,41.75,5.31507290636732,0.169715447154472,0.0216059874242574
"1078-001",1.34959349593496,0,4.41977696332163,332,0.305353303375899,203,43,0.17479674796748,49,0,18,-163,-1.3105728412653,1.25,-1.25,0.00508130081300814,1.90243902439024,0,6.89384775608092,468,0.275961856383054,212,34,0.138211382113821,40,0,0,-27,-0.217088752847627,-7.75,7.75,-0.0315040650406504,2.49186991869919,0,10.1927312515676,613,0.24447519091764,200,46,0.186991869918699,30,5,3,118,0.948758253185924,4.25,-4.25,0.0172764227642276,2.30487804878049,0,10.1523364449367,567,0.227029320913612,202,44,0.178861788617886,52,2,1,72,0.578903340927005,2.25,-2.25,0.00914634146341464,495,124.373094625271,204.25,5.31507290636732,41.75,5.31507290636732,0.169715447154472,0.0216059874242574
"1079-001",1.3130081300813,0,4.38033563805041,323,0.299750575886393,203,43,0.17479674796748,49,0,18,-160,-1.29765754442903,1.25,-1.25,0.00508130081300814,1.84146341463415,0,6.67948949325416,453,0.275689244888236,212,34,0.138211382113821,40,0,0,-30,-0.243310789580443,-7.75,7.75,-0.0315040650406504,2.44308943089431,0,9.95637489394128,601,0.245379413382776,200,46,0.186991869918699,30,5,3,118,0.957022439016409,4.25,-4.25,0.0172764227642276,2.25609756097561,0,9.86870250836483,555,0.228611365988925,202,44,0.178861788617886,52,2,1,72,0.583945894993063,2.25,-2.25,0.00914634146341464,483,123.299094346498,204.25,5.31507290636732,41.75,5.31507290636732,0.169715447154472,0.0216059874242574
"1080-001",1.27235772357724,0,4.30697205656147,313,0.295418151515253,203,43,0.17479674796748,49,0,18,-152.75,-1.25737200727445,1.25,-1.25,0.00508130081300814,1.73577235772358,0,6.39956159316419,427,0.271233010645241,212,34,0.138211382113821,40,0,0,-38.75,-0.318973258801211,-7.75,7.75,-0.0315040650406504,2.3780487804878,0,9.5451326336269,585,0.249137321791642,200,46,0.186991869918699,30,5,3,119.25,0.981614480310824,4.25,-4.25,0.0172764227642276,2.1869918699187,0,9.46257901031554,538,0.231120064364543,202,44,0.178861788617886,52,2,1,72.25,0.594730785764839,2.25,-2.25,0.00914634146341464,465.75,121.483537979432,204.25,5.31507290636732,41.75,5.31507290636732,0.169715447154472,0.0216059874242574
"1081-001",1.27235772357724,0,4.28130822678489,313,0.297189003028808,203,43,0.17479674796748,49,0,18,-158.25,-1.28311630920642,1.25,-1.25,0.00508130081300814,1.78455284552846,0,6.52079289682769,439,0.27367114302873,212,34,0.138211382113821,40,0,0,-32.25,-0.26148815780036,-7.75,7.75,-0.0315040650406504,2.41056910569106,0,9.69904950536133,593,0.248536632827636,200,46,0.186991869918699,30,5,3,121.75,0.987168471695933,4.25,-4.25,0.0172764227642276,2.19512195121951,0,9.67231144869609,540,0.226949055855251,202,44,0.178861788617886,52,2,1,68.75,0.557435995310845,2.25,-2.25,0.00914634146341464,471.25,123.332545042526,204.25,5.31507290636732,41.75,5.31507290636732,0.169715447154472,0.0216059874242574
"1082-001",1.27235772357724,0,4.28130822678489,313,0.297189003028808,203,43,0.17479674796748,49,0,18,-159,-1.28473925410323,1.25,-1.25,0.00508130081300814,1.78861788617886,0,6.52874589641255,440,0.273960407489849,212,34,0.138211382113821,40,0,0,-32,-0.258563875039644,-7.75,7.75,-0.0315040650406504,2.41463414634146,0,9.72094463308388,594,0.248395010719801,200,46,0.186991869918699,30,5,3,122,0.985774773588645,4.25,-4.25,0.0172764227642276,2.19918699186992,0,9.67075115530063,541,0.227406015991273,202,44,0.178861788617886,52,2,1,69,0.557528355554233,2.25,-2.25,0.00914634146341464,472,123.760521438246,204.25,5.31507290636732,41.75,5.31507290636732,0.169715447154472,0.0216059874242574
"1083-001",1.21138211382114,0,4.22577520002522,298,0.286665062972093,203,43,0.17479674796748,49,0,18,-152,-1.25273779787261,1.25,-1.25,0.00508130081300814,1.67073170731707,0,6.25196435034056,411,0.267233082867157,212,34,0.138211382113821,40,0,0,-39,-0.321426145506788,-7.75,7.75,-0.0315040650406504,2.32113821138211,0,9.28585276408849,571,0.249965002714531,200,46,0.186991869918699,30,5,3,121,0.997245220674908,4.25,-4.25,0.0172764227642276,2.11382113821138,0,9.18357295817276,520,0.230174154203264,202,44,0.178861788617886,52,2,1,70,0.576918722704492,2.25,-2.25,0.00914634146341464,450,121.334249080793,204.25,5.31507290636732,41.75,5.31507290636732,0.169715447154472,0.0216059874242574
"1095-001",0.731707317073171,0,2.92511481227788,180,0.250146528950557,218,28,0.113821138211382,129,0,13,-106.5,-1.22951019592001,1.5,-1.5,0.00609756097560975,1.03252032520325,0,4.92628925936471,254,0.209593929800298,225,21,0.0853658536585366,113,0,14,-32.5,-0.37520264194742,-5.5,5.5,-0.0223577235772358,1.50813008130081,0,6.54388131093323,371,0.230464155696268,218,28,0.113821138211382,128,6,3,84.5,0.975526869063291,1.5,-1.5,0.00609756097560975,1.38617886178862,0,6.32078302051001,341,0.21930492745767,217,29,0.117886178861789,144,2,1,54.5,0.629185968804134,2.5,-2.5,0.0101626016260163,286.5,86.6198591548151,219.5,3.69684550213647,26.5,3.69684550213647,0.107723577235772,0.0150278272444572
"1096-001",0.634146341463415,0,2.96859285756854,156,0.213618495997736,226,20,0.0813008130081301,129,9,13,-97.25,-1.23299813058588,-2,2,-0.00813008130081301,0.90650406504065,0,4.59051799731325,223,0.197473153480982,227,19,0.0772357723577236,113,0,0,-30.25,-0.383528981493293,-3,3,-0.0121951219512195,1.32520325203252,0,5.77962068518709,326,0.229288966216928,219,27,0.109756097560976,150,6,3,72.75,0.922371352186349,5,-5,0.0203252032520325,1.2520325203252,0,5.64687885029939,308,0.221721158451774,224,22,0.0894308943089431,145,2,4,54.75,0.69415575989282,0,0,0,253.25,78.8727878717791,224,3.55902608401044,22,3.55902608401044,0.0894308943089431,0.0144675857073595
"1097-001",0.634146341463415,0,3.00955835849559,156,0.21071076414694,226,20,0.0813008130081301,129,9,13,-96.75,-1.2439764908337,-1.5,1.5,-0.00609756097560976,0.910569105691057,0,4.64935041340546,224,0.195848672336165,227,19,0.0772357723577236,113,0,0,-28.75,-0.369657096759368,-2.5,2.5,-0.0101626016260163,1.30894308943089,0,5.81431039840434,322,0.225124391327666,221,25,0.101626016260163,150,6,3,69.25,0.890391441759521,3.5,-3.5,0.0142276422764228,1.25609756097561,0,5.61734407925389,309,0.223610578816893,224,22,0.0894308943089431,145,2,4,56.25,0.723242145833546,0.5,-0.5,0.00203252032520325,252.75,77.7747816883253,224.5,2.64575131106459,21.5,2.64575131106459,0.0873983739837398,0.0107550866303439
"1098-001",0.638211382113821,0,3.01208505517773,157,0.211883585762874,226,20,0.0813008130081301,129,9,13,-96,-1.23887298049331,-1.75,1.75,-0.00711382113821138,0.910569105691057,0,4.60790470791722,224,0.197610229249431,227,19,0.0772357723577236,113,0,0,-29,-0.374242879524021,-2.75,2.75,-0.0111788617886179,1.31707317073171,0,5.80544019765097,324,0.226868786154171,220,26,0.105691056910569,150,6,3,71,0.916249808489845,4.25,-4.25,0.0172764227642277,1.2479674796748,0,5.60898476889656,307,0.222494360582888,224,22,0.0894308943089431,145,2,4,54,0.696866051527488,0.25,-0.25,0.00101626016260163,253,77.4897842729393,224.25,3.09569593683445,21.75,3.09569593683445,0.0884146341463415,0.0125841298245303
"1099-001",0.634146341463415,0,2.96859285756854,156,0.213618495997736,226,20,0.0813008130081301,129,9,13,-97,-1.23462572483285,-2,2,-0.00813008130081301,0.90650406504065,0,4.59051799731325,223,0.197473153480982,227,19,0.0772357723577236,113,0,0,-30,-0.381843007680264,-3,3,-0.0121951219512195,1.32113821138211,0,5.7469175699961,325,0.229886403500827,219,27,0.109756097560976,150,6,3,72,0.916423218432634,5,-5,0.0203252032520325,1.2520325203252,0,5.64687885029939,308,0.221721158451774,224,22,0.0894308943089431,145,2,4,55,0.700045514080485,0,0,0,253,78.5663201802571,224,3.55902608401044,22,3.55902608401044,0.0894308943089431,0.0144675857073595
"1100-001",0.67479674796748,0,3.18028604786977,166,0.212181149057166,224,22,0.0894308943089431,128,9,13,-97.5,-1.24452311254436,0.25,-0.25,0.00101626016260163,0.959349593495935,0,4.72837440070093,236,0.202892053842801,227,19,0.0772357723577236,113,0,14,-27.5,-0.351019339435587,-2.75,2.75,-0.0111788617886179,1.3780487804878,0,6.24461938625913,339,0.220677785986462,223,23,0.0934959349593496,134,6,3,75.5,0.963707640995885,1.25,-1.25,0.00508130081300813,1.27235772357724,0,5.69667000205628,313,0.223351137264044,223,23,0.0934959349593496,145,2,4,49.5,0.631834810984057,1.25,-1.25,0.00508130081300813,263.5,78.3432617821512,224.25,1.89296944860009,21.75,1.89296944860009,0.0884146341463415,0.00769499775853695
"1101-001",0.686991869918699,0,3.18856270735094,169,0.215455028792409,223,23,0.0934959349593496,123,9,13,-97.5,-1.23397950958745,0.5,-0.5,0.00203252032520325,0.963414634146341,0,4.73832431058436,237,0.20332391178761,226,20,0.0813008130081301,113,0,14,-29.5,-0.373357902900819,-2.5,2.5,-0.0101626016260163,1.39024390243902,0,6.30792717510207,342,0.220396314644601,223,23,0.0934959349593496,134,6,3,75.5,0.955543107424131,0.5,-0.5,0.00203252032520325,1.29268292682927,0,5.7679362946425,318,0.224115326660242,222,24,0.0975609756097561,145,2,4,51.5,0.651794305064142,1.5,-1.5,0.00609756097560976,266.5,79.012657213892,223.5,1.73205080756888,22.5,1.73205080756888,0.0914634146341463,0.0070408569413369
"1102-001",0.735772357723577,0,3.0863922557139,181,0.238392367775491,216,30,0.121951219512195,123,0,13,-102.25,-1.21983620040093,2.25,-2.25,0.00914634146341464,1.01626016260163,0,4.83183953618782,250,0.210325726876979,224,22,0.0894308943089431,113,0,14,-33.25,-0.396670451475119,-5.75,5.75,-0.0233739837398374,1.47967479674797,0,6.53511656095282,364,0.226419036745112,218,28,0.113821138211382,128,6,3,80.75,0.963342525011003,0.25,-0.25,0.00101626016260163,1.3739837398374,0,6.10907437991439,338,0.224908661180297,215,31,0.126016260162602,144,2,1,54.75,0.653164126865045,3.25,-3.25,0.0132113821138211,283.25,83.8227296143474,218.25,4.03112887414927,27.75,4.03112887414927,0.11280487804878,0.0163867027404442
"1114-001",2.74390243902439,0,6.9637152451068,675,0.394028523919391,183,63,0.25609756097561,29,0,3,-108.75,-0.686995506982389,11.5,-11.5,0.0467479674796748,3.73170731707317,0,10.3577423832248,918,0.360281920422828,194,52,0.211382113821138,33,0,6,134.25,0.848084108619639,0.5,-0.5,0.00203252032520326,2.52439024390244,0,9.33620419712173,621,0.2703872141829,203,43,0.17479674796748,24,4,6,-162.75,-1.02812431044951,-8.5,8.5,-0.0345528455284553,3.74390243902439,0,13.549736928489,921,0.276308127514464,198,48,0.195121951219512,38,2,6,137.25,0.867035708812256,-3.5,3.5,-0.0142276422764228,783.75,158.297978508887,194.5,8.50490054811538,51.5,8.50490054811538,0.209349593495935,0.0345727664557536
"1115-001",2.73983739837398,0,6.95153766384245,674,0.394134007591573,184,62,0.252032520325203,29,0,3,-109.25,-0.684899136430131,10.75,-10.75,0.0436991869918699,3.72764227642276,0,10.3444260910475,917,0.360352739109309,194,52,0.211382113821138,33,0,6,133.75,0.838492077780596,0.75,-0.75,0.00304878048780488,2.51626016260163,0,9.31565173141519,619,0.270111016936801,203,43,0.17479674796748,24,4,6,-164.25,-1.02969961701281,-8.25,8.25,-0.0335365853658537,3.7520325203252,0,13.5595247017627,923,0.276708262483378,198,48,0.195121951219512,38,2,6,139.75,0.876106675662342,-3.25,3.25,-0.0132113821138211,783.25,159.512538692104,194.75,8.05708797684788,51.25,8.05708797684788,0.208333333333333,0.0327523901497881
"1116-001",2.73983739837398,0,6.95095048367588,674,0.394167301983868,183,63,0.25609756097561,29,0,3,-108.5,-0.683933715802602,11.5,-11.5,0.0467479674796748,3.72764227642276,0,10.3444260910475,917,0.360352739109309,194,52,0.211382113821138,33,0,6,134.5,0.84782566613318,0.5,-0.5,0.00203252032520326,2.51626016260163,0,9.32178378290896,619,0.269933332632652,203,43,0.17479674796748,24,4,6,-163.5,-1.03062822611729,-8.5,8.5,-0.0345528455284553,3.73983739837398,0,13.5443865311082,920,0.276117149328578,198,48,0.195121951219512,38,2,6,137.5,0.866736275786708,-3.5,3.5,-0.0142276422764228,782.5,158.641104383448,194.5,8.50490054811538,51.5,8.50490054811538,0.209349593495935,0.0345727664557536
"1118-001",2.73983739837398,0,6.95153766384245,674,0.394134007591573,184,62,0.252032520325203,29,0,3,-108.5,-0.678509420876712,10.75,-10.75,0.0436991869918699,3.72764227642276,0,10.3444260910475,917,0.360352739109309,194,52,0.211382113821138,33,0,6,134.5,0.84110154016514,0.75,-0.75,0.00304878048780488,2.50813008130081,0,9.31040316535096,617,0.269390061499691,203,43,0.17479674796748,24,4,6,-165.5,-1.03496137470134,-8.25,8.25,-0.0335365853658537,3.7479674796748,0,13.5562883945301,922,0.276474457506162,198,48,0.195121951219512,38,2,6,139.5,0.872369255412915,-3.25,3.25,-0.0132113821138211,782.5,159.90934932017,194.75,8.05708797684788,51.25,8.05708797684788,0.208333333333333,0.0327523901497881
"1119-001",2.73983739837398,0,6.95153766384245,674,0.394134007591573,184,62,0.252032520325203,29,0,3,-108.5,-0.678509420876712,10.75,-10.75,0.0436991869918699,3.72764227642276,0,10.3444260910475,917,0.360352739109309,194,52,0.211382113821138,33,0,6,134.5,0.84110154016514,0.75,-0.75,0.00304878048780488,2.50813008130081,0,9.31040316535096,617,0.269390061499691,203,43,0.17479674796748,24,4,6,-165.5,-1.03496137470134,-8.25,8.25,-0.0335365853658537,3.7479674796748,0,13.5562883945301,922,0.276474457506162,198,48,0.195121951219512,38,2,6,139.5,0.872369255412915,-3.25,3.25,-0.0132113821138211,782.5,159.90934932017,194.75,8.05708797684788,51.25,8.05708797684788,0.208333333333333,0.0327523901497881
"1120-001",2.73577235772358,0,6.95226440963208,673,0.393508099883727,184,62,0.252032520325203,29,0,3,-108.75,-0.684261185656474,10.75,-10.75,0.0436991869918699,3.72357723577236,0,10.3433313332562,916,0.359997868752418,194,52,0.211382113821138,33,0,6,134.25,0.844708636086268,0.75,-0.75,0.00304878048780488,2.51219512195122,0,9.30952187874069,618,0.269852217404214,203,43,0.17479674796748,24,4,6,-163.75,-1.03032431403446,-8.25,8.25,-0.0335365853658537,3.73983739837398,0,13.5443865311082,920,0.276117149328578,198,48,0.195121951219512,38,2,6,138.25,0.869876863604667,-3.25,3.25,-0.0132113821138211,781.75,158.930540383737,194.75,8.05708797684788,51.25,8.05708797684788,0.208333333333333,0.0327523901497881
"1121-001",2.73983739837398,0,6.95153766384245,674,0.394134007591573,184,62,0.252032520325203,29,0,3,-109,-0.681862886631164,10.75,-10.75,0.0436991869918699,3.72764227642276,0,10.3444260910475,917,0.360352739109309,194,52,0.211382113821138,33,0,6,134,0.838253456959413,0.75,-0.75,0.00304878048780488,2.51219512195122,0,9.31346696985106,618,0.269737910713973,203,43,0.17479674796748,24,4,6,-165,-1.03217776416644,-8.25,8.25,-0.0335365853658537,3.7520325203252,0,13.5595247017627,923,0.276708262483378,198,48,0.195121951219512,38,2,6,140,0.875787193838193,-3.25,3.25,-0.0132113821138211,783,159.856185366723,194.75,8.05708797684788,51.25,8.05708797684788,0.208333333333333,0.0327523901497881
"1122-001",2.73170731707317,0,6.94829084340885,672,0.393148096220593,184,62,0.252032520325203,29,0,3,-110.5,-0.689320295891014,10.75,-10.75,0.0436991869918699,3.73170731707317,0,10.3478860471402,918,0.360625088068541,194,52,0.211382113821138,33,0,6,135.5,0.845275113965904,0.75,-0.75,0.00304878048780488,2.51219512195122,0,9.31346696985106,618,0.269737910713973,203,43,0.17479674796748,24,4,6,-164.5,-1.02618270293278,-8.25,8.25,-0.0335365853658537,3.7479674796748,0,13.5544817475194,922,0.276511308177512,198,48,0.195121951219512,38,2,6,139.5,0.870227884857887,-3.25,3.25,-0.0132113821138211,782.5,160.302838402818,194.75,8.05708797684788,51.25,8.05708797684788,0.208333333333333,0.0327523901497881
"1133-001",2.73983739837398,0,6.96151214909693,674,0.393569290650366,183,63,0.25609756097561,29,0,3,-112.5,-0.716705906651908,11.5,-11.5,0.0467479674796748,3.73983739837398,0,10.4141484595102,920,0.359111204618825,194,52,0.211382113821138,33,0,6,133.5,0.850491009226931,0.5,-0.5,0.00203252032520326,2.55691056910569,0,9.41442732432678,629,0.271594912894878,203,43,0.17479674796748,24,4,6,-157.5,-1.00338826931267,-8.5,8.5,-0.0345528455284553,3.7520325203252,0,13.4306797712292,923,0.279362815898767,198,48,0.195121951219512,38,2,6,136.5,0.869603166737648,-3.5,3.5,-0.0142276422764228,786.5,156.968149635523,194.5,8.50490054811538,51.5,8.50490054811538,0.209349593495935,0.0345727664557536
"1134-001",2.73577235772358,0,6.9616515760511,673,0.392977489297935,183,63,0.25609756097561,29,0,3,-114,-0.718408131432515,11.5,-11.5,0.0467479674796748,3.7520325203252,0,10.4314817824952,923,0.359683561603049,194,52,0.211382113821138,33,0,6,136,0.857048297147562,0.5,-0.5,0.00203252032520326,2.55284552845528,0,9.38318361362824,628,0.272066031485039,203,43,0.17479674796748,24,4,6,-159,-1.00199028857693,-8.5,8.5,-0.0345528455284553,3.75609756097561,0,13.4254351738322,924,0.279774734475402,198,48,0.195121951219512,38,2,6,137,0.863350122861882,-3.5,3.5,-0.0142276422764228,787,158.684172703728,194.5,8.50490054811538,51.5,8.50490054811538,0.209349593495935,0.0345727664557536
"1135-001",2.73577235772358,0,6.9616515760511,673,0.392977489297935,183,63,0.25609756097561,29,0,3,-114,-0.721220514733371,11.5,-11.5,0.0467479674796748,3.7479674796748,0,10.4335358015098,922,0.359223138826287,194,52,0.211382113821138,33,0,6,135,0.85407692534215,0.5,-0.5,0.00203252032520326,2.55691056910569,0,9.39750363118269,629,0.272084020337207,203,43,0.17479674796748,24,4,6,-158,-0.999586327437479,-8.5,8.5,-0.0345528455284553,3.75609756097561,0,13.4518591164345,924,0.279225163485892,198,48,0.195121951219512,38,2,6,137,0.8667299168287,-3.5,3.5,-0.0142276422764228,787,158.065387313816,194.5,8.50490054811538,51.5,8.50490054811538,0.209349593495935,0.0345727664557536
"1136-001",2.73983739837398,0,6.96151214909693,674,0.393569290650366,183,63,0.25609756097561,29,0,3,-112.5,-0.713891315390842,11.5,-11.5,0.0467479674796748,3.74390243902439,0,10.4152294014256,921,0.359464232109178,194,52,0.211382113821138,33,0,6,134.5,0.853496728178385,0.5,-0.5,0.00203252032520326,2.55284552845528,0,9.38318361362824,628,0.272066031485039,203,43,0.17479674796748,24,4,6,-158.5,-1.00579354212843,-8.5,8.5,-0.0345528455284553,3.7520325203252,0,13.4200389280952,923,0.279584324637853,198,48,0.195121951219512,38,2,6,136.5,0.866188129340889,-3.5,3.5,-0.0142276422764228,786.5,157.587013001283,194.5,8.50490054811538,51.5,8.50490054811538,0.209349593495935,0.0345727664557536
"1137-001",2.73577235772358,0,6.9616515760511,673,0.392977489297935,183,63,0.25609756097561,29,0,3,-113.75,-0.718132663899502,11.5,-11.5,0.0467479674796748,3.7520325203252,0,10.4314817824952,923,0.359683561603049,194,52,0.211382113821138,33,0,6,136.25,0.860180883132371,0.5,-0.5,0.00203252032520326,2.55284552845528,0,9.38318361362824,628,0.272066031485039,203,43,0.17479674796748,24,4,6,-158.75,-1.00222910236524,-8.5,8.5,-0.0345528455284553,3.7520325203252,0,13.4200389280952,923,0.279584324637853,198,48,0.195121951219512,38,2,6,136.25,0.860180883132371,-3.5,3.5,-0.0142276422764228,786.75,158.39691705754,194.5,8.50490054811538,51.5,8.50490054811538,0.209349593495935,0.0345727664557536
"1139-001",2.73577235772358,0,6.9616515760511,673,0.392977489297935,183,63,0.25609756097561,29,0,3,-113.25,-0.717564245677033,11.5,-11.5,0.0467479674796748,3.74390243902439,0,10.4152294014256,921,0.359464232109178,194,52,0.211382113821138,33,0,6,134.75,0.853790570463401,0.5,-0.5,0.00203252032520326,2.55284552845528,0,9.38318361362824,628,0.272066031485039,203,43,0.17479674796748,24,4,6,-158.25,-1.00268911150897,-8.5,8.5,-0.0345528455284553,3.7520325203252,0,13.4200389280952,923,0.279584324637853,198,48,0.195121951219512,38,2,6,136.75,0.866462786722598,-3.5,3.5,-0.0142276422764228,786.25,157.825589391159,194.5,8.50490054811538,51.5,8.50490054811538,0.209349593495935,0.0345727664557536
"1140-001",2.73577235772358,0,6.9616515760511,673,0.392977489297935,183,63,0.25609756097561,29,0,3,-113.75,-0.718132663899502,11.5,-11.5,0.0467479674796748,3.7520325203252,0,10.4314817824952,923,0.359683561603049,194,52,0.211382113821138,33,0,6,136.25,0.860180883132371,0.5,-0.5,0.00203252032520326,2.55284552845528,0,9.38318361362824,628,0.272066031485039,203,43,0.17479674796748,24,4,6,-158.75,-1.00222910236524,-8.5,8.5,-0.0345528455284553,3.7520325203252,0,13.4200389280952,923,0.279584324637853,198,48,0.195121951219512,38,2,6,136.25,0.860180883132371,-3.5,3.5,-0.0142276422764228,786.75,158.39691705754,194.5,8.50490054811538,51.5,8.50490054811538,0.209349593495935,0.0345727664557536
"1142-001",2.73983739837398,0,6.96151214909693,674,0.393569290650366,183,63,0.25609756097561,29,0,3,-112.5,-0.713900897888919,11.5,-11.5,0.0467479674796748,3.7479674796748,0,10.4304057063442,922,0.359330939293677,194,52,0.211382113821138,33,0,6,135.5,0.859853970346208,0.5,-0.5,0.00203252032520326,2.55284552845528,0,9.38318361362824,628,0.272066031485039,203,43,0.17479674796748,24,4,6,-158.5,-1.0058070428035,-8.5,8.5,-0.0345528455284553,3.7479674796748,0,13.4097701183693,922,0.279495281916926,198,48,0.195121951219512,38,2,6,135.5,0.859853970346208,-3.5,3.5,-0.0142276422764228,786.5,157.58489775356,194.5,8.50490054811538,51.5,8.50490054811538,0.209349593495935,0.0345727664557536
"1152-001",2.79674796747967,0,7.0623570668936,688,0.396007726739004,184,62,0.252032520325203,29,0,3,-122,-0.796077413895311,10.75,-10.75,0.0436991869918699,3.84146341463415,0,10.8102024888379,945,0.355355361622566,192,54,0.219512195121951,33,0,6,135,0.88090533504809,2.75,-2.75,0.0111788617886179,2.71138211382114,0,9.82094972964268,667,0.276081457339848,204,42,0.170731707317073,24,4,6,-143,-0.93310713268057,-9.25,9.25,-0.0376016260162602,3.82113821138211,0,13.529428254855,940,0.282431610516203,199,47,0.191056910569106,38,2,6,130,0.848279211527791,-4.25,4.25,-0.0172764227642276,810,153.251427399551,194.75,8.69386757049665,51.25,8.69386757049665,0.208333333333333,0.0353409250833197
"1153-001",2.79674796747967,0,7.0623570668936,688,0.396007726739004,184,62,0.252032520325203,29,0,3,-121.25,-0.795561030212263,10.75,-10.75,0.0436991869918699,3.84146341463415,0,10.8102024888379,945,0.355355361622566,192,54,0.219512195121951,33,0,6,135.75,0.890700287433523,2.75,-2.75,0.0111788617886179,2.71138211382114,0,9.82094972964268,667,0.276081457339848,204,42,0.170731707317073,24,4,6,-142.25,-0.933348919980985,-9.25,9.25,-0.0376016260162602,3.80894308943089,0,13.5001164507756,937,0.282141498802557,199,47,0.191056910569106,38,2,6,127.75,0.838209662759725,-4.25,4.25,-0.0172764227642276,809.25,152.408169072396,194.75,8.69386757049665,51.25,8.69386757049665,0.208333333333333,0.0353409250833197
"1154-001",2.79674796747967,0,7.0623570668936,688,0.396007726739004,184,62,0.252032520325203,29,0,3,-121.5,-0.792662939090411,10.75,-10.75,0.0436991869918699,3.84146341463415,0,10.8102024888379,945,0.355355361622566,192,54,0.219512195121951,33,0,6,135.5,0.88399858639301,2.75,-2.75,0.0111788617886179,2.70731707317073,0,9.81646406044838,666,0.275793509404146,204,42,0.170731707317073,24,4,6,-143.5,-0.936190384851638,-9.25,9.25,-0.0376016260162602,3.81707317073171,0,13.5029502887608,939,0.282684382975833,199,47,0.191056910569106,38,2,6,129.5,0.844854737549039,-4.25,4.25,-0.0172764227642276,809.5,153.280788098183,194.75,8.69386757049665,51.25,8.69386757049665,0.208333333333333,0.0353409250833197
"1155-001",2.79674796747967,0,7.0623570668936,688,0.396007726739004,184,62,0.252032520325203,29,0,3,-121,-0.789149082192959,10.75,-10.75,0.0436991869918699,3.84552845528455,0,10.8096952101307,946,0.355748092849148,192,54,0.219512195121951,33,0,6,137,0.893499374053184,2.75,-2.75,0.0111788617886179,2.70325203252033,0,9.81488611146957,665,0.27542367805586,204,42,0.170731707317073,24,4,6,-144,-0.939152626742033,-9.25,9.25,-0.0376016260162602,3.80894308943089,0,13.5001164507756,937,0.282141498802557,199,47,0.191056910569106,38,2,6,128,0.834802334881807,-4.25,4.25,-0.0172764227642276,809,153.329710102119,194.75,8.69386757049665,51.25,8.69386757049665,0.208333333333333,0.0353409250833197
"1156-001",2.79674796747967,0,7.0623570668936,688,0.396007726739004,184,62,0.252032520325203,29,0,3,-121.5,-0.795739628017142,10.75,-10.75,0.0436991869918699,3.84146341463415,0,10.8102024888379,945,0.355355361622566,192,54,0.219512195121951,33,0,6,135.5,0.887429790916237,2.75,-2.75,0.0111788617886179,2.71138211382114,0,9.82094972964268,667,0.276081457339848,204,42,0.170731707317073,24,4,6,-142.5,-0.933274872365784,-9.25,9.25,-0.0376016260162602,3.8130081300813,0,13.5042545637433,938,0.282356061349628,199,47,0.191056910569106,38,2,6,128.5,0.84158470946669,-4.25,4.25,-0.0172764227642276,809.5,152.688135317276,194.75,8.69386757049665,51.25,8.69386757049665,0.208333333333333,0.0353409250833197
"1158-001",2.79674796747967,0,7.0623570668936,688,0.396007726739004,184,62,0.252032520325203,29,0,3,-121.5,-0.795739628017142,10.75,-10.75,0.0436991869918699,3.84146341463415,0,10.8102024888379,945,0.355355361622566,192,54,0.219512195121951,33,0,6,135.5,0.887429790916237,2.75,-2.75,0.0111788617886179,2.71138211382114,0,9.82094972964268,667,0.276081457339848,204,42,0.170731707317073,24,4,6,-142.5,-0.933274872365784,-9.25,9.25,-0.0376016260162602,3.8130081300813,0,13.5042545637433,938,0.282356061349628,199,47,0.191056910569106,38,2,6,128.5,0.84158470946669,-4.25,4.25,-0.0172764227642276,809.5,152.688135317276,194.75,8.69386757049665,51.25,8.69386757049665,0.208333333333333,0.0353409250833197
"1159-001",2.79674796747967,0,7.0623570668936,688,0.396007726739004,184,62,0.252032520325203,29,0,3,-121,-0.789149082192959,10.75,-10.75,0.0436991869918699,3.84552845528455,0,10.8096952101307,946,0.355748092849148,192,54,0.219512195121951,33,0,6,137,0.893499374053184,2.75,-2.75,0.0111788617886179,2.70325203252033,0,9.81488611146957,665,0.27542367805586,204,42,0.170731707317073,24,4,6,-144,-0.939152626742033,-9.25,9.25,-0.0376016260162602,3.80894308943089,0,13.5001164507756,937,0.282141498802557,199,47,0.191056910569106,38,2,6,128,0.834802334881807,-4.25,4.25,-0.0172764227642276,809,153.329710102119,194.75,8.69386757049665,51.25,8.69386757049665,0.208333333333333,0.0353409250833197
"1162-001",2.79674796747967,0,7.0623570668936,688,0.396007726739004,184,62,0.252032520325203,29,0,3,-120.5,-0.788852038565818,11,-11,0.0447154471544715,3.84146341463415,0,10.8022705612407,945,0.355616293153921,193,53,0.215447154471545,33,0,6,136.5,0.893595877711486,2,-2,0.008130081300813,2.70325203252033,0,9.81488611146957,665,0.27542367805586,204,42,0.170731707317073,24,4,6,-143.5,-0.939421307337717,-9,9,-0.0365853658536585,3.80487804878049,0,13.4956734028841,936,0.281933174817892,199,47,0.191056910569106,38,2,6,127.5,0.834677468192048,-4,4,-0.016260162601626,808.5,152.753614250749,195,8.60232526704263,51,8.60232526704263,0.207317073170732,0.0349688018985473
"1171-001",2.72357723577236,0,6.91912559416924,670,0.393630264215398,185,61,0.247967479674797,33,0,19,-106.25,-0.627010998020363,10,-10,0.040650406504065,3.72764227642276,0,10.3511316609996,917,0.360119298884736,193,53,0.215447154471545,40,0,6,140.75,0.830605157377564,2,-2,0.008130081300813,2.41463414634146,0,9.32753381170296,594,0.258871658370394,203,43,0.17479674796748,24,4,7,-182.25,-1.07550827660434,-8,8,-0.032520325203252,3.75609756097561,0,14.0147685738366,924,0.26800995972118,199,47,0.191056910569106,37,2,6,147.75,0.871914117247141,-4,4,-0.016260162601626,776.25,169.454762891654,195,7.83156008298049,51,7.83156008298049,0.207317073170732,0.0318356100934166
"1172-001",2.72764227642276,0,6.91958239642388,671,0.394191747443088,185,61,0.247967479674797,33,0,19,-105.5,-0.623293607705775,9.75,-9.75,0.0396341463414634,3.72357723577236,0,10.3445151102137,916,0.359956672313802,193,53,0.215447154471545,40,0,6,139.5,0.8241654812792,1.75,-1.75,0.00711382113821138,2.41463414634146,0,9.32403243698846,594,0.258968870245732,202,44,0.178861788617886,22,4,7,-182.5,-1.07820932138677,-7.25,7.25,-0.0294715447154472,3.76016260162602,0,14.0141109052001,925,0.268312604849642,199,47,0.191056910569106,37,2,6,148.5,0.877337447813342,-4.25,4.25,-0.0172764227642276,776.5,169.262124134925,194.75,7.5,51.25,7.5,0.208333333333333,0.0304878048780488
"1173-001",2.72357723577236,0,6.91912559416924,670,0.393630264215398,185,61,0.247967479674797,33,0,19,-106.5,-0.627459235455739,10,-10,0.040650406504065,3.73170731707317,0,10.3534067513493,918,0.360432793446161,193,53,0.215447154471545,40,0,6,141.5,0.833666495934151,2,-2,0.008130081300813,2.41463414634146,0,9.32753381170296,594,0.258871658370394,203,43,0.17479674796748,24,4,7,-182.5,-1.07522357249458,-8,8,-0.032520325203252,3.75609756097561,0,14.0147685738366,924,0.26800995972118,199,47,0.191056910569106,37,2,6,147.5,0.869016312016164,-4,4,-0.016260162601626,776.5,169.732141917788,195,7.83156008298049,51,7.83156008298049,0.207317073170732,0.0318356100934166
"1174-001",2.72764227642276,0,6.91958239642388,671,0.394191747443088,185,61,0.247967479674797,33,0,19,-105.75,-0.623756318815189,9.75,-9.75,0.0396341463414634,3.72764227642276,0,10.3511316609996,917,0.360119298884736,193,53,0.215447154471545,40,0,6,140.25,0.827251288074045,1.75,-1.75,0.00711382113821138,2.41463414634146,0,9.32403243698846,594,0.258968870245732,202,44,0.178861788617886,22,4,7,-182.75,-1.07793349658133,-7.25,7.25,-0.0294715447154472,3.76016260162602,0,14.0141109052001,925,0.268312604849642,199,47,0.191056910569106,37,2,6,148.25,0.874438527322476,-4.25,4.25,-0.0172764227642276,776.75,169.537360680962,194.75,7.5,51.25,7.5,0.208333333333333,0.0304878048780488
"1175-001",2.72764227642276,0,6.91958239642388,671,0.394191747443088,185,61,0.247967479674797,33,0,19,-105.5,-0.623293607705775,9.75,-9.75,0.0396341463414634,3.72357723577236,0,10.3504319641757,916,0.359750902055119,193,53,0.215447154471545,40,0,6,139.5,0.8241654812792,1.75,-1.75,0.00711382113821138,2.41463414634146,0,9.32403243698846,594,0.258968870245732,202,44,0.178861788617886,22,4,7,-182.5,-1.07820932138677,-7.25,7.25,-0.0294715447154472,3.76016260162602,0,14.0141109052001,925,0.268312604849642,199,47,0.191056910569106,37,2,6,148.5,0.877337447813342,-4.25,4.25,-0.0172764227642276,776.5,169.262124134925,194.75,7.5,51.25,7.5,0.208333333333333,0.0304878048780488
"1176-001",2.72357723577236,0,6.91912559416924,670,0.393630264215398,185,61,0.247967479674797,33,0,19,-106.5,-0.625069895849375,10.25,-10.25,0.0416666666666667,3.73170731707317,0,10.3534067513493,918,0.360432793446161,193,53,0.215447154471545,40,0,6,141.5,0.83049192734917,2.25,-2.25,0.00914634146341464,2.41056910569106,0,9.32837070891589,593,0.258412661858204,204,42,0.170731707317073,24,4,7,-183.5,-1.07699836514892,-8.75,8.75,-0.0355691056910569,3.76016260162602,0,14.022554658732,925,0.268151039032287,199,47,0.191056910569106,37,2,6,148.5,0.871576333649129,-3.75,3.75,-0.0152439024390244,776.5,170.38094572653,195.25,8.18026079453868,50.75,8.18026079453868,0.20630081300813,0.0332530926607263
"1177-001",2.73577235772358,0,6.9169490747778,673,0.395517203921508,183,63,0.25609756097561,33,0,19,-104.25,-0.614040555213376,10.75,-10.75,0.0436991869918699,3.72764227642276,0,10.342058381256,917,0.360435238228665,192,54,0.219512195121951,40,0,6,139.75,0.823138298235676,1.75,-1.75,0.00711382113821138,2.41056910569106,0,9.32049147349268,593,0.258631115381273,201,45,0.182926829268293,22,4,7,-184.25,-1.08524673667208,-7.25,7.25,-0.0294715447154472,3.76422764227642,0,14.0134520216931,926,0.268615301672231,199,47,0.191056910569106,37,2,6,148.75,0.87614899364978,-5.25,5.25,-0.0213414634146341,777.25,169.777059698889,193.75,8.13941029804985,52.25,8.13941029804985,0.21239837398374,0.03308703373191
"1179-001",2.73577235772358,0,6.9169490747778,673,0.395517203921508,183,63,0.25609756097561,33,0,19,-104.25,-0.616411742368496,11.25,-11.25,0.0457317073170732,3.72764227642276,0,10.3511316609996,917,0.360119298884736,193,53,0.215447154471545,40,0,6,139.75,0.826316940009567,1.25,-1.25,0.00508130081300812,2.41463414634146,0,9.32403243698846,594,0.258968870245732,202,44,0.178861788617886,22,4,7,-183.25,-1.08352471740074,-7.75,7.75,-0.0315040650406504,3.76016260162602,0,14.0141109052001,925,0.268312604849642,199,47,0.191056910569106,37,2,6,147.75,0.873619519759667,-4.75,4.75,-0.0193089430894309,777.25,169.12396833881,194.25,8.38152730712011,51.75,8.38152730712011,0.210365853658537,0.0340712492159354
"1191-001",2.72764227642276,0,6.89417146093249,671,0.39564468216081,186,60,0.24390243902439,33,0,3,-106,-0.648668975110574,10,-10,0.040650406504065,3.71138211382114,0,10.3155337848139,913,0.359785755273747,194,52,0.211382113821138,33,0,6,136,0.832254534104133,2,-2,0.00813008130081302,2.45528455284553,0,9.25665962805804,604,0.26524520199525,203,43,0.17479674796748,24,4,6,-173,-1.05867672352952,-7,7,-0.0284552845528455,3.73983739837398,0,13.7709172390987,920,0.271575039878662,201,45,0.182926829268293,38,2,6,143,0.875091164535963,-5,5,-0.0203252032520325,777,163.411545899711,196,7.7028133388609,50,7.7028133388609,0.203252032520325,0.031312249344963
"1192-001",2.72764227642276,0,6.89417146093249,671,0.39564468216081,186,60,0.24390243902439,33,0,3,-106.25,-0.646597949553264,10,-10,0.040650406504065,3.71951219512195,0,10.3212968536259,915,0.360372562466827,194,52,0.211382113821138,33,0,6,137.75,0.838295224009055,2,-2,0.00813008130081302,2.45121951219512,0,9.25619806337096,603,0.264819258988763,203,43,0.17479674796748,24,4,6,-174.25,-1.06042063726735,-7,7,-0.0284552845528455,3.73983739837398,0,13.7284673094752,920,0.272414779746956,201,45,0.182926829268293,38,2,6,142.75,0.868723362811561,-5,5,-0.0203252032520325,777.25,164.321585110823,196,7.7028133388609,50,7.7028133388609,0.203252032520325,0.031312249344963
"1193-001",2.72764227642276,0,6.89417146093249,671,0.39564468216081,186,60,0.24390243902439,33,0,3,-106,-0.646173311097519,10,-10,0.040650406504065,3.71544715447154,0,10.3158450148626,914,0.360168958443879,194,52,0.211382113821138,33,0,6,137,0.835148524720378,2,-2,0.00813008130081302,2.45121951219512,0,9.25619806337096,603,0.264819258988763,203,43,0.17479674796748,24,4,6,-174,-1.06069958614121,-7,7,-0.0284552845528455,3.73983739837398,0,13.7284673094752,920,0.272414779746956,201,45,0.182926829268293,38,2,6,143,0.871724372518351,-5,5,-0.0203252032520325,777,164.042677373908,196,7.7028133388609,50,7.7028133388609,0.203252032520325,0.031312249344963
"1194-001",2.72764227642276,0,6.89417146093249,671,0.39564468216081,186,60,0.24390243902439,33,0,3,-105.75,-0.648334936101518,10,-10,0.040650406504065,3.71544715447154,0,10.3158450148626,914,0.360168958443879,194,52,0.211382113821138,33,0,6,137.25,0.841455980897715,2,-2,0.00813008130081302,2.45528455284553,0,9.25665962805804,604,0.26524520199525,203,43,0.17479674796748,24,4,6,-172.75,-1.05910033296962,-7,7,-0.0284552845528455,3.73170731707317,0,13.7170075696198,918,0.272049665215472,201,45,0.182926829268293,38,2,6,141.25,0.865979288173422,-5,5,-0.0203252032520325,776.75,163.110136615315,196,7.7028133388609,50,7.7028133388609,0.203252032520325,0.031312249344963
"1195-001",2.72357723577236,0,6.88778962561019,670,0.395421083368393,186,60,0.24390243902439,33,0,3,-107.5,-0.653591054055457,10,-10,0.040650406504065,3.71951219512195,0,10.3224831574862,915,0.3603311469125,194,52,0.211382113821138,33,0,6,137.5,0.835988557512794,2,-2,0.00813008130081302,2.45528455284553,0,9.25665962805804,604,0.26524520199525,203,43,0.17479674796748,24,4,6,-173.5,-1.0548655616616,-7,7,-0.0284552845528455,3.74390243902439,0,13.7663988819952,921,0.271959462392229,201,45,0.182926829268293,38,2,6,143.5,0.872468058204262,-5,5,-0.0203252032520325,777.5,164.47593542319,196,7.7028133388609,50,7.7028133388609,0.203252032520325,0.031312249344963
"1196-001",2.72764227642276,0,6.89417146093249,671,0.39564468216081,186,60,0.24390243902439,33,0,3,-106.25,-0.649038291275731,10,-10,0.040650406504065,3.71138211382114,0,10.3155337848139,913,0.359785755273747,194,52,0.211382113821138,33,0,6,135.75,0.829241863912287,2,-2,0.00813008130081302,2.45528455284553,0,9.25665962805804,604,0.26524520199525,203,43,0.17479674796748,24,4,6,-173.25,-1.0583142020096,-7,7,-0.0284552845528455,3.74390243902439,0,13.7702527437654,921,0.271883349470073,201,45,0.182926829268293,38,2,6,143.75,0.878110629373048,-5,5,-0.0203252032520325,777.25,163.703746648226,196,7.7028133388609,50,7.7028133388609,0.203252032520325,0.031312249344963
"1198-001",2.72357723577236,0,6.88778962561019,670,0.395421083368393,186,60,0.24390243902439,33,0,3,-107.5,-0.653591054055457,10,-10,0.040650406504065,3.71951219512195,0,10.3224831574862,915,0.3603311469125,194,52,0.211382113821138,33,0,6,137.5,0.835988557512794,2,-2,0.00813008130081302,2.45528455284553,0,9.25665962805804,604,0.26524520199525,203,43,0.17479674796748,24,4,6,-173.5,-1.0548655616616,-7,7,-0.0284552845528455,3.74390243902439,0,13.7663988819952,921,0.271959462392229,201,45,0.182926829268293,38,2,6,143.5,0.872468058204262,-5,5,-0.0203252032520325,777.5,164.47593542319,196,7.7028133388609,50,7.7028133388609,0.203252032520325,0.031312249344963
"1201-001",2.72764227642276,0,6.89417146093249,671,0.39564468216081,186,60,0.24390243902439,33,0,3,-106,-0.648604206984294,10.25,-10.25,0.0416666666666667,3.70731707317073,0,10.3168035765846,912,0.359347451528977,195,51,0.207317073170732,33,0,6,135,0.826052527763016,1.25,-1.25,0.00508130081300812,2.45528455284553,0,9.25665962805804,604,0.26524520199525,203,43,0.17479674796748,24,4,6,-173,-1.05857101705927,-6.75,6.75,-0.0274390243902439,3.74390243902439,0,13.7702527437654,921,0.271883349470073,201,45,0.182926829268293,38,2,6,144,0.88112269628055,-4.75,4.75,-0.0193089430894309,777,163.427863801332,196.25,7.63216876123687,49.75,7.63216876123687,0.202235772357724,0.0310250762651905
"1209-001",2.48373983739837,0,6.5749788420082,611,0.377756323948833,187,59,0.239837398373984,33,0,19,-76.75,-0.553306159427523,4.25,-4.25,0.0172764227642276,3.27235772357724,0,8.88859669200624,805,0.368152345861317,188,58,0.235772357723577,38,0,6,117.25,0.845278790786672,3.25,-3.25,0.0132113821138211,2.15853658536585,0,7.99050892945607,531,0.270137560000548,201,45,0.182926829268293,24,4,6,-156.75,-1.13004222137152,-9.75,9.75,-0.0396341463414634,3.26829268292683,0,11.3105139245056,804,0.288960581697854,189,57,0.231707317073171,48,2,6,116.25,0.838069590012372,2.25,-2.25,0.00914634146341464,687.75,138.711631331575,191.25,6.55108133567785,54.75,6.55108133567785,0.222560975609756,0.0266304119336498
"1210-001",2.5,0,6.61090626409519,615,0.378162977983498,187,59,0.239837398373984,33,0,19,-75.25,-0.548959398815987,4.25,-4.25,0.0172764227642276,3.25609756097561,0,8.85042737435941,801,0.367902862002897,188,58,0.235772357723577,38,0,6,110.75,0.807936922509907,3.25,-3.25,0.0132113821138211,2.17479674796748,0,7.95740798220468,535,0.273304668157147,201,45,0.182926829268293,24,4,6,-155.25,-1.13257071981637,-9.75,9.75,-0.0396341463414634,3.29268292682927,0,11.1792312592608,810,0.294535719895912,189,57,0.231707317073171,48,2,6,119.75,0.87359319612245,2.25,-2.25,0.00914634146341464,690.25,137.077532805343,191.25,6.55108133567785,54.75,6.55108133567785,0.222560975609756,0.0266304119336498
"1211-001",2.5,0,6.61090626409519,615,0.378162977983498,187,59,0.239837398373984,33,0,19,-75.25,-0.546377581929606,4.25,-4.25,0.0172764227642276,3.26016260162602,0,8.85053891902218,802,0.368357523926487,188,58,0.235772357723577,38,0,6,111.75,0.811397937284165,3.25,-3.25,0.0132113821138211,2.17073170731707,0,7.92537368417715,534,0.273896448775771,201,45,0.182926829268293,24,4,6,-156.25,-1.13450494586712,-9.75,9.75,-0.0396341463414634,3.29268292682927,0,11.1562057095479,810,0.295143618946653,189,57,0.231707317073171,48,2,6,119.75,0.869484590512562,2.25,-2.25,0.00914634146341464,690.25,137.725270012442,191.25,6.55108133567785,54.75,6.55108133567785,0.222560975609756,0.0266304119336498
"1212-001",2.5,0,6.63248037451807,615,0.376932890688222,187,59,0.239837398373984,33,0,19,-73.75,-0.531890534540223,4.25,-4.25,0.0172764227642276,3.26422764227642,0,8.88103349456813,803,0.367550425777913,188,58,0.235772357723577,38,0,6,114.25,0.823979573847058,3.25,-3.25,0.0132113821138211,2.15447154471545,0,7.92055710298436,530,0.272010101903523,201,45,0.182926829268293,24,4,6,-158.75,-1.14491691333235,-9.75,9.75,-0.0396341463414634,3.28048780487805,0,11.2430743020348,807,0.291778539992779,189,57,0.231707317073171,48,2,6,118.25,0.852827874025511,2.25,-2.25,0.00914634146341464,688.75,138.656349776465,191.25,6.55108133567785,54.75,6.55108133567785,0.222560975609756,0.0266304119336498
"1213-001",2.52032520325203,0,6.62444402718608,620,0.380458374002235,187,59,0.239837398373984,33,0,19,-72.5,-0.525109622612817,4.25,-4.25,0.0172764227642276,3.2520325203252,0,8.85400266540157,800,0.367295181989615,188,58,0.235772357723577,38,0,6,107.5,0.778610819736246,3.25,-3.25,0.0132113821138211,2.17073170731707,0,7.93103675140993,534,0.273700876109441,201,45,0.182926829268293,24,4,6,-158.5,-1.14799827840181,-9.75,9.75,-0.0396341463414634,3.31707317073171,0,11.2633174314662,816,0.294502324995727,189,57,0.231707317073171,48,2,6,123.5,0.894497081278385,2.25,-2.25,0.00914634146341464,692.5,138.066409141881,191.25,6.55108133567785,54.75,6.55108133567785,0.222560975609756,0.0266304119336498
"1214-001",2.49186991869919,0,6.58491899128496,613,0.378420740178754,187,59,0.239837398373984,33,0,19,-74.5,-0.544346946146557,4.25,-4.25,0.0172764227642276,3.2520325203252,0,8.85676819109402,800,0.367180494076305,188,58,0.235772357723577,38,0,6,112.5,0.822000422033392,3.25,-3.25,0.0132113821138211,2.16260162601626,0,7.99527818177177,532,0.270484850789397,201,45,0.182926829268293,24,4,6,-155.5,-1.1361872500106,-9.75,9.75,-0.0396341463414634,3.27235772357724,0,11.3556157162877,805,0.288170875568075,189,57,0.231707317073171,48,2,6,117.5,0.858533774123765,2.25,-2.25,0.00914634146341464,687.5,136.861243600955,191.25,6.55108133567785,54.75,6.55108133567785,0.222560975609756,0.0266304119336498
"1215-001",2.48373983739837,0,6.59357602003944,611,0.376690862416646,187,59,0.239837398373984,33,0,19,-74.75,-0.550392932134207,4.25,-4.25,0.0172764227642276,3.2479674796748,0,8.86264206788404,799,0.366478467120387,188,58,0.235772357723577,38,0,6,113.25,0.833872903868882,3.25,-3.25,0.0132113821138211,2.16260162601626,0,7.94919991737311,532,0.272052740967032,201,45,0.182926829268293,24,4,6,-153.75,-1.13207910790146,-9.75,9.75,-0.0396341463414634,3.25609756097561,0,11.1488749050111,801,0.29205615712058,189,57,0.231707317073171,48,2,6,115.25,0.848599136166787,2.25,-2.25,0.00914634146341464,685.75,135.812063774418,191.25,6.55108133567785,54.75,6.55108133567785,0.222560975609756,0.0266304119336498
"1217-001",2.5,0,6.63248037451807,615,0.376932890688222,187,59,0.239837398373984,33,0,19,-73,-0.529699895232614,4.25,-4.25,0.0172764227642276,3.26016260162602,0,8.88092420119271,802,0.367097221839612,188,58,0.235772357723577,38,0,6,114,0.827202576116685,3.25,-3.25,0.0132113821138211,2.15447154471545,0,7.92055710298436,530,0.272010101903523,201,45,0.182926829268293,24,4,6,-158,-1.14647374584593,-9.75,9.75,-0.0396341463414634,3.27235772357724,0,11.1550760903597,805,0.293351447992831,189,57,0.231707317073171,48,2,6,117,0.848971064961861,2.25,-2.25,0.00914634146341464,688,137.813884157826,191.25,6.55108133567785,54.75,6.55108133567785,0.222560975609756,0.0266304119336498
"1229-001",2.71544715447154,0,9.20737975996074,668,0.294920729378401,180,66,0.268292682926829,33,0,19,-70.25,-0.485887759593592,13.25,-13.25,0.0538617886178862,3.63008130081301,0,10.5751610010177,893,0.343264873268944,190,56,0.227642276422764,38,0,5,154.75,1.0703363814535,3.25,-3.25,0.0132113821138211,2.32926829268293,0,8.56293132821973,573,0.272017630809051,204,42,0.170731707317073,24,6,37,-165.25,-1.14296017470236,-10.75,10.75,-0.0436991869918699,3.32926829268293,0,12.4942973552415,819,0.266463026933344,199,47,0.191056910569106,29,2,6,80.75,0.558511552842456,-5.75,5.75,-0.0233739837398374,738.25,144.580715634324,193.25,10.5633012516605,52.75,10.5633012516605,0.214430894308943,0.04294024899049
"1230-001",2.73170731707317,0,9.25076779668978,672,0.295295198961827,182,64,0.260162601626016,33,0,19,-68,-0.470741377073927,13,-13,0.0528455284552846,3.64227642276423,0,10.6304376866145,896,0.342627136354929,192,54,0.219512195121951,38,0,5,156,1.07993610034607,3,-3,0.0121951219512195,2.33333333333333,0,8.59583825895704,574,0.271449190066129,206,40,0.16260162601626,24,6,37,-166,-1.14916277344517,-11,11,-0.0447154471544716,3.32520325203252,0,12.4978338922925,818,0.266062365741889,200,46,0.186991869918699,29,2,6,78,0.539968050173034,-5,5,-0.0203252032520325,740,144.452991200136,195,10.3923048454133,51,10.3923048454133,0.207317073170732,0.0422451416480214
"1231-001",2.71951219512195,0,9.19885670390807,669,0.295635890704394,179,67,0.272357723577236,33,0,14,-72.75,-0.504128629272967,11.5,-11.5,0.0467479674796748,3.65040650406504,0,10.5663955121789,898,0.345473203218407,189,57,0.231707317073171,38,0,5,156.25,1.08275049242476,1.5,-1.5,0.00609756097560976,2.35365853658537,0,8.57862357717397,579,0.274363190716048,198,48,0.195121951219512,24,6,37,-162.75,-1.12779291290963,-7.5,7.5,-0.0304878048780488,3.33739837398374,0,12.4796971337791,821,0.267426231438768,196,50,0.203252032520325,29,2,6,79.25,0.549171049757837,-5.5,5.5,-0.0223577235772358,741.75,144.308408163442,190.5,8.58292879305582,55.5,8.58292879305582,0.225609756097561,0.0348899544433163
"1232-001",2.72764227642276,0,9.23850682177598,671,0.295247092310791,181,65,0.264227642276423,33,0,19,-69.25,-0.47953740631097,13,-13,0.0528455284552846,3.64227642276423,0,10.6104531294886,896,0.34327246709583,191,55,0.223577235772358,38,0,5,155.75,1.07852636870662,3,-3,0.0121951219512195,2.33739837398374,0,8.59021653642626,575,0.272100052899965,204,42,0.170731707317073,24,6,37,-165.25,-1.14431128365181,-10,10,-0.040650406504065,3.32926829268293,0,12.5018087292694,819,0.266302929822339,200,46,0.186991869918699,29,2,6,78.75,0.545322321256157,-6,6,-0.024390243902439,740.25,144.410006578492,194,10.2306728354819,52,10.2306728354819,0.211382113821138,0.0415881009572434
