"hhid","mean_season_1983","median_season_1983","sd_season_1983","skew_season_1983","max_season_1983","gdd_1983","tempbin20_1983","tempbin40_1983","tempbin60_1983","tempbin80_1983","tempbin100_1983","dev_gdd_1983","z_gdd_1983","mean_season_1984","median_season_1984","sd_season_1984","skew_season_1984","max_season_1984","gdd_1984","tempbin20_1984","tempbin40_1984","tempbin60_1984","tempbin80_1984","tempbin100_1984","dev_gdd_1984","z_gdd_1984","mean_season_1985","median_season_1985","sd_season_1985","skew_season_1985","max_season_1985","gdd_1985","tempbin20_1985","tempbin40_1985","tempbin60_1985","tempbin80_1985","tempbin100_1985","dev_gdd_1985","z_gdd_1985","mean_season_1986","median_season_1986","sd_season_1986","skew_season_1986","max_season_1986","gdd_1986","tempbin20_1986","tempbin40_1986","tempbin60_1986","tempbin80_1986","tempbin100_1986","dev_gdd_1986","z_gdd_1986","mean_gdd","sd_gdd"
1010140020171,21.6829268292683,22,1.34204883375204,-0.236260531478015,25,246,0.0365853658536585,0.182926829268293,0.223577235772358,0.25609756097561,0.300813008130081,0,NA,20.5691056910569,21,1.49874124497728,-0.287504137480129,24,246,0.0609756097560976,0.24390243902439,0.17479674796748,0.215447154471545,0.304878048780488,0,NA,20.3861788617886,20,1.67857204635865,0.230063918094169,24,246,0.134146341463415,0.215447154471545,0.158536585365854,0.227642276422764,0.264227642276423,0,NA,20.2235772357724,20,1.88517660303286,0.118597501906541,24,246,0.0731707317073171,0.252032520325203,0.24390243902439,0.191056910569106,0.239837398373984,0,NA,246,0
1010140020284,21.7032520325203,22,1.3451915854355,-0.220599036369682,25,246,0.0365853658536585,0.17479674796748,0.231707317073171,0.247967479674797,0.308943089430894,0,NA,20.5894308943089,21,1.5139251866308,-0.271195108791846,24,246,0.0609756097560976,0.24390243902439,0.170731707317073,0.211382113821138,0.313008130081301,0,NA,20.390243902439,20,1.6739743559417,0.233124182012628,24,246,0.130081300813008,0.219512195121951,0.158536585365854,0.227642276422764,0.264227642276423,0,NA,20.2642276422764,20,1.89502593084626,0.139432204053497,24,246,0.199186991869919,0.126016260162602,0.219512195121951,0.215447154471545,0.239837398373984,0,NA,246,0
1010140020297,21.7032520325203,22,1.3451915854355,-0.220599036369682,25,246,0.0365853658536585,0.17479674796748,0.231707317073171,0.247967479674797,0.308943089430894,0,NA,20.5853658536585,21,1.51416079952866,-0.273837591404119,24,246,0.0609756097560976,0.24390243902439,0.17479674796748,0.207317073170732,0.313008130081301,0,NA,20.390243902439,20,1.6739743559417,0.233124182012628,24,246,0.130081300813008,0.219512195121951,0.158536585365854,0.227642276422764,0.264227642276423,0,NA,20.2560975609756,20,1.89829768386453,0.134909062552429,24,246,0.0731707317073171,0.252032520325203,0.223577235772358,0.211382113821138,0.239837398373984,0,NA,246,0
1010140020409,21.7032520325203,22,1.3451915854355,-0.220599036369682,25,246,0.0365853658536585,0.17479674796748,0.231707317073171,0.247967479674797,0.308943089430894,0,NA,20.5934959349593,21,1.51367857572064,-0.268553754780549,24,246,0.0609756097560976,0.24390243902439,0.166666666666667,0.215447154471545,0.313008130081301,0,NA,20.390243902439,20,1.6739743559417,0.233124182012628,24,246,0.130081300813008,0.219512195121951,0.158536585365854,0.227642276422764,0.264227642276423,0,NA,20.2642276422764,20,1.89502593084626,0.139432204053497,24,246,0.199186991869919,0.126016260162602,0.219512195121951,0.215447154471545,0.239837398373984,0,NA,246,0
1010140020471,21.7032520325203,22,1.3451915854355,-0.220599036369682,25,246,0.0365853658536585,0.17479674796748,0.231707317073171,0.247967479674797,0.308943089430894,0,NA,20.5934959349593,21,1.51367857572064,-0.268553754780549,24,246,0.0609756097560976,0.24390243902439,0.166666666666667,0.215447154471545,0.313008130081301,0,NA,20.390243902439,20,1.6739743559417,0.233124182012628,24,246,0.130081300813008,0.219512195121951,0.158536585365854,0.227642276422764,0.264227642276423,0,NA,20.260162601626,20,1.89451366167392,0.137324215121335,24,246,0.199186991869919,0.126016260162602,0.223577235772358,0.211382113821138,0.239837398373984,0,NA,246,0
1010140020551,21.6991869918699,22,1.34883144799319,-0.223017493088284,25,246,0.040650406504065,0.166666666666667,0.239837398373984,0.24390243902439,0.308943089430894,0,NA,20.5934959349593,21,1.51367857572064,-0.268553754780549,24,246,0.0609756097560976,0.24390243902439,0.166666666666667,0.215447154471545,0.313008130081301,0,NA,20.3821138211382,20,1.68072057046121,0.227351189634905,24,246,0.130081300813008,0.219512195121951,0.16260162601626,0.223577235772358,0.264227642276423,0,NA,20.2560975609756,20,1.89399249363698,0.135215721200581,24,246,0.199186991869919,0.126016260162602,0.227642276422764,0.207317073170732,0.239837398373984,0,NA,246,0
1010140020761,21.6991869918699,22,1.34883144799319,-0.223017493088284,25,246,0.0365853658536585,0.178861788617886,0.227642276422764,0.247967479674797,0.308943089430894,0,NA,20.5853658536585,21,1.51416079952866,-0.273837591404119,24,246,0.0609756097560976,0.24390243902439,0.17479674796748,0.207317073170732,0.313008130081301,0,NA,20.3861788617886,20,1.67857204635865,0.230063918094169,24,246,0.134146341463415,0.215447154471545,0.158536585365854,0.227642276422764,0.264227642276423,0,NA,20.2520325203252,20,1.89776881211707,0.132804648656887,24,246,0.0731707317073171,0.252032520325203,0.227642276422764,0.207317073170732,0.239837398373984,0,NA,246,0
1010140020762,21.6991869918699,22,1.34883144799319,-0.223017493088284,25,246,0.0365853658536585,0.178861788617886,0.227642276422764,0.247967479674797,0.308943089430894,0,NA,20.5853658536585,21,1.51416079952866,-0.273837591404119,24,246,0.0609756097560976,0.24390243902439,0.17479674796748,0.207317073170732,0.313008130081301,0,NA,20.390243902439,20,1.6739743559417,0.233124182012628,24,246,0.130081300813008,0.219512195121951,0.158536585365854,0.227642276422764,0.264227642276423,0,NA,20.2520325203252,20,1.89776881211707,0.132804648656887,24,246,0.0731707317073171,0.252032520325203,0.227642276422764,0.207317073170732,0.239837398373984,0,NA,246,0
1020030030004,21.0934959349593,21,1.48578240708655,0.062927070958314,25,246,0.146341463414634,0.252032520325203,0.178861788617886,0,0.422764227642276,0,NA,19.9878048780488,20,1.68421654363495,-0.00724082778862808,23,246,0.0284552845528455,0.252032520325203,0.304878048780488,0.142276422764228,0.272357723577236,0,NA,19.9430894308943,20,1.79705342956301,-0.0316688241815557,24,246,0.0934959349593496,0.158536585365854,0.32520325203252,0.219512195121951,0.203252032520325,0,NA,19.7032520325203,20,2.09307643743726,-0.141775982076895,24,246,0.182926829268293,0.101626016260163,0.170731707317073,0.158536585365854,0.386178861788618,0,NA,246,0
1020030030022,21.0650406504065,21,1.46100238108104,0.0445178264243346,25,246,0.146341463414634,0,0.434959349593496,0,0.41869918699187,0,NA,19.9512195121951,20,1.6701639100135,-0.0292070062778939,23,246,0.0284552845528455,0.252032520325203,0.146341463414634,0.313008130081301,0.260162601626016,0,NA,19.9186991869919,20,1.78471284346586,-0.0455540023179567,24,246,0.0934959349593496,0.16260162601626,0.32520325203252,0.215447154471545,0.203252032520325,0,NA,19.6463414634146,20,2.07042508434032,-0.17081445702154,24,246,0.191056910569106,0.101626016260163,0.166666666666667,0.170731707317073,0.369918699186992,0,NA,246,0
1020030030140,21.130081300813,21,1.47888181472849,0.0879592267059481,25,246,0.138211382113821,0.247967479674797,0.178861788617886,0.231707317073171,0.203252032520325,0,NA,20.0040650406504,20,1.68909580322939,0.00240663711474174,23,246,0.0284552845528455,0.252032520325203,0.304878048780488,0.134146341463415,0.280487804878049,0,NA,19.9756097560976,20,1.79096788168034,-0.0136184708569729,24,246,0.0853658536585366,0.16260162601626,0.317073170731707,0.231707317073171,0.203252032520325,0,NA,19.7235772357724,20,2.08317188689191,-0.132693209795599,24,246,0.178861788617886,0.101626016260163,0.170731707317073,0.16260162601626,0.386178861788618,0,NA,246,0
1020030030161,21.130081300813,21,1.47888181472849,0.0879592267059481,25,246,0.138211382113821,0.247967479674797,0.178861788617886,0.231707317073171,0.203252032520325,0,NA,20.0121951219512,20,1.68905651073784,0.00722007930089431,23,246,0.0284552845528455,0.247967479674797,0.308943089430894,0.130081300813008,0.284552845528455,0,NA,19.979674796748,20,1.79215794446048,-0.0113411897176008,24,246,0.0853658536585366,0.16260162601626,0.313008130081301,0.235772357723577,0.203252032520325,0,NA,19.7235772357724,20,2.08317188689191,-0.132693209795599,24,246,0.178861788617886,0.101626016260163,0.170731707317073,0.16260162601626,0.386178861788618,0,NA,246,0
1020030030174,21.1219512195122,21,1.47681602271837,0.0825771237826358,25,246,0.138211382113821,0.252032520325203,0.17479674796748,0,0.434959349593496,0,NA,20,20,1.68547213757173,0,23,246,0.0284552845528455,0.252032520325203,0.304878048780488,0.138211382113821,0.276422764227642,0,NA,19.9674796747967,20,1.7885575506061,-0.0181824315310572,24,246,0.0853658536585366,0.166666666666667,0.313008130081301,0.231707317073171,0.203252032520325,0,NA,19.719512195122,20,2.08752010031962,-0.134364121732339,24,246,0.182926829268293,0.0975609756097561,0.170731707317073,0.16260162601626,0.386178861788618,0,NA,246,0
1020030030200,21.1382113821138,21,1.47260814440637,0.0938548266480865,25,246,0.134146341463415,0.247967479674797,0.182926829268293,0.231707317073171,0.203252032520325,0,NA,20.0121951219512,20,1.68905651073784,0.00722007930089431,23,246,0.0284552845528455,0.247967479674797,0.308943089430894,0.130081300813008,0.284552845528455,0,NA,19.979674796748,20,1.79215794446048,-0.0113411897176008,24,246,0.0853658536585366,0.16260162601626,0.313008130081301,0.235772357723577,0.203252032520325,0,NA,19.7276422764228,20,2.08272979477467,-0.13076959107252,24,246,0.178861788617886,0.101626016260163,0.166666666666667,0.166666666666667,0.386178861788618,0,NA,246,0
1020030030430,21.239837398374,21,1.48852699892008,0.161123982667418,25,246,0.113821138211382,0.25609756097561,0.17479674796748,0.235772357723577,0.219512195121951,0,NA,20.0853658536585,20,1.67479187506641,0.0509710220890296,23,246,0.0121951219512195,0.247967479674797,0.317073170731707,0.134146341463415,0.288617886178862,0,NA,20.0853658536585,20,1.77879495677772,0.0479908340943226,24,246,0.0731707317073171,0.134146341463415,0.33739837398374,0.239837398373984,0.215447154471545,0,NA,19.7926829268293,20,2.07061740695693,-0.100123312242127,24,246,0.170731707317073,0.109756097560976,0.154471544715447,0.361788617886179,0.203252032520325,0,NA,246,0
1020030030479,21.2317073170732,21,1.47882010735093,0.156683910315661,25,246,0.113821138211382,0.25609756097561,0.17479674796748,0.239837398373984,0.215447154471545,0,NA,20.0813008130081,20,1.6786461791743,0.0484323700948828,23,246,0.0121951219512195,0.252032520325203,0.313008130081301,0.134146341463415,0.288617886178862,0,NA,20.0772357723577,20,1.78146067140881,0.0433553058999865,24,246,0.0772357723577236,0.130081300813008,0.33739837398374,0.24390243902439,0.211382113821138,0,NA,19.7926829268293,20,2.07061740695693,-0.100123312242127,24,246,0.170731707317073,0.109756097560976,0.154471544715447,0.361788617886179,0.203252032520325,0,NA,246,0
1020170030001,21.6788617886179,22,1.47029093511484,-0.218418140051329,26,246,0.040650406504065,0.227642276422764,0.195121951219512,0.207317073170732,0.329268292682927,0,NA,20.5528455284553,21,1.68645626301471,-0.265144422272404,24,246,0.109756097560976,0.247967479674797,0.121951219512195,0.170731707317073,0.349593495934959,0,NA,20.6138211382114,21,1.79831327788817,-0.214745042778154,24,246,0.134146341463415,0.191056910569106,0.142276422764228,0.186991869918699,0.345528455284553,0,NA,20.3089430894309,21,2.14240026101114,-0.322561998868946,25,246,0.117886178861789,0.223577235772358,0.142276422764228,0.231707317073171,0.284552845528455,0,NA,246,0
1020170030017,21.6869918699187,22,1.477585418621,-0.211837587280352,26,246,0.040650406504065,0.227642276422764,0.195121951219512,0.203252032520325,0.333333333333333,0,NA,20.5528455284553,21,1.68645626301471,-0.265144422272404,24,246,0.109756097560976,0.247967479674797,0.121951219512195,0.170731707317073,0.349593495934959,0,NA,20.6178861788618,21,1.79577883826808,-0.212784454853437,24,246,0.134146341463415,0.186991869918699,0.146341463414634,0.186991869918699,0.345528455284553,0,NA,20.3211382113821,21,2.15106056547226,-0.315593990943181,25,246,0.117886178861789,0.219512195121951,0.146341463414634,0.227642276422764,0.288617886178862,0,NA,246,0
1020170030022,21.6910569105691,22,1.48257955728748,-0.208382132285794,26,246,0.040650406504065,0.227642276422764,0.195121951219512,0.203252032520325,0.333333333333333,0,NA,20.5609756097561,21,1.6982408255143,-0.258517157076909,24,246,0.109756097560976,0.247967479674797,0.121951219512195,0.170731707317073,0.349593495934959,0,NA,20.6219512195122,21,1.79777806559123,-0.210286679831905,24,246,0.134146341463415,0.186991869918699,0.146341463414634,0.182926829268293,0.349593495934959,0,NA,20.3252032520325,21,2.14949803332189,-0.313932247206866,25,246,0.117886178861789,0.215447154471545,0.150406504065041,0.227642276422764,0.288617886178862,0,NA,246,0
1020170030048,21.6910569105691,22,1.48257955728748,-0.208382132285794,26,246,0.040650406504065,0.227642276422764,0.195121951219512,0.203252032520325,0.333333333333333,0,NA,20.5609756097561,21,1.6982408255143,-0.258517157076909,24,246,0.109756097560976,0.247967479674797,0.121951219512195,0.170731707317073,0.349593495934959,0,NA,20.6219512195122,21,1.79777806559123,-0.210286679831905,24,246,0.134146341463415,0.186991869918699,0.146341463414634,0.182926829268293,0.349593495934959,0,NA,20.3292682926829,21,2.14221825551363,-0.313101480482089,25,246,0.117886178861789,0.215447154471545,0.150406504065041,0.227642276422764,0.288617886178862,0,NA,246,0
1020170030100,21.5975609756098,22,1.48620669942295,-0.270782674137116,26,246,0.0569105691056911,0.223577235772358,0.199186991869919,0.211382113821138,0.308943089430894,0,NA,20.4430894308943,20.5,1.68632343961349,-0.0337483117228902,24,246,0.142276422764228,0.227642276422764,0.130081300813008,0.16260162601626,0.33739837398374,0,NA,20.5162601626016,21,1.8086357011256,-0.26746117921775,24,246,0.146341463414634,0.191056910569106,0.138211382113821,0.207317073170732,0.317073170731707,0,NA,20.1991869918699,20,2.13545372266083,0.0932761922003752,25,246,0.130081300813008,0.235772357723577,0.150406504065041,0.211382113821138,0.272357723577236,0,NA,246,0
1020170030209,21.5975609756098,22,1.48620669942295,-0.270782674137116,26,246,0.0569105691056911,0.223577235772358,0.199186991869919,0.211382113821138,0.308943089430894,0,NA,20.4308943089431,20,1.685865856687,0.255592286440788,24,246,0.146341463414634,0.223577235772358,0.134146341463415,0.158536585365854,0.33739837398374,0,NA,20.520325203252,21,1.8085944187026,-0.265219659967802,24,246,0.146341463414634,0.191056910569106,0.134146341463415,0.211382113821138,0.317073170731707,0,NA,20.1951219512195,20,2.1329620549659,0.0914793353989751,25,246,0.130081300813008,0.235772357723577,0.150406504065041,0.215447154471545,0.268292682926829,0,NA,246,0
1020170030241,21.5853658536585,22,1.48970250019061,-0.278333523833389,26,246,0.0609756097560976,0.223577235772358,0.195121951219512,0.211382113821138,0.308943089430894,0,NA,20.4186991869919,20,1.67560404428487,0.249879551448901,24,246,0.146341463414634,0.223577235772358,0.138211382113821,0.154471544715447,0.33739837398374,0,NA,20.4918699186992,21,1.79509961048996,-0.283065117017167,24,246,0.150406504065041,0.186991869918699,0.142276422764228,0.207317073170732,0.313008130081301,0,NA,20.1626016260163,20,2.12227826654527,0.0766165439186025,25,246,0.130081300813008,0.235772357723577,0.16260162601626,0.211382113821138,0.260162601626016,0,NA,246,0
1020170030246,21.5934959349593,22,1.48096713228963,-0.27448554135849,26,246,0.0569105691056911,0.223577235772358,0.199186991869919,0.211382113821138,0.308943089430894,0,NA,20.4186991869919,20,1.67560404428487,0.249879551448901,24,246,0.146341463414634,0.223577235772358,0.138211382113821,0.154471544715447,0.33739837398374,0,NA,20.4918699186992,21,1.79509961048996,-0.283065117017167,24,246,0.150406504065041,0.186991869918699,0.142276422764228,0.207317073170732,0.313008130081301,0,NA,20.1666666666667,20,2.12484493231731,0.0784370963413809,25,246,0.130081300813008,0.235772357723577,0.16260162601626,0.207317073170732,0.264227642276423,0,NA,246,0
1030130040161,21.219512195122,21,1.52549268249326,0.143895934501096,25,246,0.142276422764228,0.211382113821138,0.207317073170732,0.207317073170732,0.231707317073171,0,NA,20.0447154471545,20,1.71726898762018,0.0260386971853707,23,246,0.024390243902439,0.247967479674797,0.313008130081301,0.134146341463415,0.280487804878049,0,NA,19.9959349593496,20,1.84168948052901,-0.00220723454924589,24,246,0.0894308943089431,0.154471544715447,0.313008130081301,0.231707317073171,0.211382113821138,0,NA,19.7235772357724,20,2.10073189581439,-0.131584027823066,24,246,0.182926829268293,0.0934959349593496,0.170731707317073,0.170731707317073,0.382113821138211,0,NA,246,0
1030130040219,21.2113821138211,21,1.52396921346763,0.138704976421512,25,246,0.138211382113821,0.215447154471545,0.207317073170732,0.215447154471545,0.223577235772358,0,NA,20.0284552845528,20,1.71761677915453,0.0165667248353566,23,246,0.0284552845528455,0.24390243902439,0.321138211382114,0.130081300813008,0.276422764227642,0,NA,19.9959349593496,20,1.84611664672183,-0.00220194138741162,24,246,0.0894308943089431,0.158536585365854,0.304878048780488,0.235772357723577,0.211382113821138,0,NA,19.7235772357724,20,2.10267395556183,-0.131462494932451,24,246,0.182926829268293,0.0975609756097561,0.16260162601626,0.17479674796748,0.382113821138211,0,NA,246,0
1030130040259,21.2032520325203,21,1.53308731912343,0.132576944564735,25,246,0.146341463414634,0.207317073170732,0.207317073170732,0.215447154471545,0.223577235772358,0,NA,20.0243902439024,20,1.7164910321393,0.0142093628488347,23,246,0.0284552845528455,0.24390243902439,0.32520325203252,0.126016260162602,0.276422764227642,0,NA,19.9878048780488,20,1.83721552248443,-0.00663782871523307,24,246,0.0894308943089431,0.154471544715447,0.317073170731707,0.231707317073171,0.207317073170732,0,NA,19.7154471544715,20,2.10158472840505,-0.135399178383072,24,246,0.182926829268293,0.0975609756097561,0.166666666666667,0.17479674796748,0.378048780487805,0,NA,246,0
1030130040346,21.2113821138211,21,1.53995511474649,0.137265113636728,25,246,0.146341463414634,0.207317073170732,0.207317073170732,0.207317073170732,0.231707317073171,0,NA,20.0284552845528,20,1.71761677915453,0.0165667248353566,23,246,0.0284552845528455,0.24390243902439,0.321138211382114,0.130081300813008,0.276422764227642,0,NA,19.9959349593496,20,1.84168948052901,-0.00220723454924589,24,246,0.0894308943089431,0.154471544715447,0.313008130081301,0.231707317073171,0.211382113821138,0,NA,19.7235772357724,20,2.10073189581439,-0.131584027823066,24,246,0.182926829268293,0.0934959349593496,0.170731707317073,0.170731707317073,0.382113821138211,0,NA,246,0
1030130040468,21.1829268292683,21,1.53432600729604,0.119222921594523,25,246,0.150406504065041,0.211382113821138,0.199186991869919,0.223577235772358,0.215447154471545,0,NA,20.0121951219512,20,1.72018439286185,0.00708942715782358,23,246,0.032520325203252,0.239837398373984,0.32520325203252,0.130081300813008,0.272357723577236,0,NA,19.9878048780488,20,1.83721552248443,-0.00663782871523307,24,246,0.0894308943089431,0.154471544715447,0.317073170731707,0.231707317073171,0.207317073170732,0,NA,19.7113821138211,20,2.10005649105874,-0.137433391629077,24,246,0.182926829268293,0.0975609756097561,0.166666666666667,0.178861788617886,0.373983739837398,0,NA,246,0
1030130040685,21.2032520325203,21,1.53308731912343,0.132576944564735,25,246,0.146341463414634,0.207317073170732,0.207317073170732,0.215447154471545,0.223577235772358,0,NA,20.0284552845528,20,1.71761677915453,0.0165667248353566,23,246,0.0284552845528455,0.24390243902439,0.321138211382114,0.130081300813008,0.276422764227642,0,NA,19.9959349593496,20,1.84168948052901,-0.00220723454924589,24,246,0.0894308943089431,0.154471544715447,0.313008130081301,0.231707317073171,0.211382113821138,0,NA,19.7235772357724,20,2.10267395556183,-0.131462494932451,24,246,0.182926829268293,0.0975609756097561,0.16260162601626,0.17479674796748,0.382113821138211,0,NA,246,0
1030130040739,21.2357723577236,21,1.53107299077135,0.153991585734129,25,246,0.138211382113821,0.215447154471545,0.203252032520325,0.207317073170732,0.235772357723577,0,NA,20.0528455284553,20,1.72415375057823,0.0306501252788873,23,246,0.024390243902439,0.247967479674797,0.308943089430894,0.138211382113821,0.280487804878049,0,NA,20.0243902439024,20,1.85588271372091,0.0131421256969076,24,246,0.0894308943089431,0.154471544715447,0.296747967479675,0.247967479674797,0.211382113821138,0,NA,19.7520325203252,20,2.10332485456623,-0.117893096321506,24,246,0.182926829268293,0.0934959349593496,0.158536585365854,0.178861788617886,0.386178861788618,0,NA,246,0
1030130040745,21.2113821138211,21,1.53995511474649,0.137265113636728,25,246,0.146341463414634,0.207317073170732,0.207317073170732,0.207317073170732,0.231707317073171,0,NA,20.0365853658537,20,1.71508401853732,0.0213315298015887,23,246,0.024390243902439,0.247967479674797,0.321138211382114,0.126016260162602,0.280487804878049,0,NA,19.9918699186992,20,1.83834857106156,-0.00442249170195073,24,246,0.0894308943089431,0.154471544715447,0.313008130081301,0.235772357723577,0.207317073170732,0,NA,19.719512195122,20,2.09921884544589,-0.133615323379241,24,246,0.182926829268293,0.0934959349593496,0.170731707317073,0.17479674796748,0.378048780487805,0,NA,246,0
1030133010068,21.2764227642276,21,1.5349044403314,0.180091188066379,25,246,0.134146341463415,0.207317073170732,0.203252032520325,0.211382113821138,0.24390243902439,0,NA,20.0772357723577,20,1.71372910049949,0.0450688340037016,23,246,0.024390243902439,0.239837398373984,0.308943089430894,0.142276422764228,0.284552845528455,0,NA,20.0528455284553,20,1.84977991865782,0.0285685491134699,24,246,0.0813008130081301,0.16260162601626,0.284552845528455,0.25609756097561,0.215447154471545,0,NA,19.7723577235772,20,2.10466152450602,-0.108160991101024,24,246,0.182926829268293,0.0853658536585366,0.166666666666667,0.178861788617886,0.386178861788618,0,NA,246,0
1030133010092,21.2723577235772,21,1.53164181953493,0.177820767299195,25,246,0.134146341463415,0.207317073170732,0.203252032520325,0.215447154471545,0.239837398373984,0,NA,20.0731707317073,20,1.72222320346941,0.0424862071071368,23,246,0.024390243902439,0.239837398373984,0.308943089430894,0.142276422764228,0.284552845528455,0,NA,20.0487804878049,20,1.84878849922944,0.0263851099383233,24,246,0.0813008130081301,0.16260162601626,0.288617886178862,0.252032520325203,0.215447154471545,0,NA,19.7723577235772,20,2.10466152450602,-0.108160991101024,24,246,0.182926829268293,0.0853658536585366,0.166666666666667,0.178861788617886,0.386178861788618,0,NA,246,0
1030133010175,21.2479674796748,21,1.53579598950743,0.161458606070671,25,246,0.138211382113821,0.211382113821138,0.203252032520325,0.211382113821138,0.235772357723577,0,NA,20.0569105691057,20,1.72520717718608,0.0329876723551065,23,246,0.024390243902439,0.247967479674797,0.304878048780488,0.142276422764228,0.280487804878049,0,NA,20.0325203252033,20,1.85575754639817,0.0175240161444416,24,246,0.0894308943089431,0.154471544715447,0.292682926829268,0.252032520325203,0.211382113821138,0,NA,19.7682926829268,20,2.09741598350556,-0.110472752613385,24,246,0.182926829268293,0.0853658536585366,0.166666666666667,0.178861788617886,0.386178861788618,0,NA,246,0
1030133010188,21.2439024390244,21,1.53512062101167,0.158881612093552,25,246,0.138211382113821,0.211382113821138,0.207317073170732,0.207317073170732,0.235772357723577,0,NA,20.0487804878049,20,1.71834594666908,0.0283880483434868,23,246,0.024390243902439,0.247967479674797,0.308943089430894,0.138211382113821,0.280487804878049,0,NA,20.0162601626016,20,1.84936277977655,0.00879230553325515,24,246,0.0894308943089431,0.154471544715447,0.300813008130081,0.24390243902439,0.211382113821138,0,NA,19.7439024390244,20,2.09651397115768,-0.122153996824641,24,246,0.182926829268293,0.0894308943089431,0.166666666666667,0.178861788617886,0.382113821138211,0,NA,246,0
1030133010300,21.3048780487805,21,1.55725313677834,0.195779376891301,25,246,0.134146341463415,0.207317073170732,0.195121951219512,0.207317073170732,0.25609756097561,0,NA,20.0894308943089,20,1.72618787296051,0.0518083203513441,23,246,0.024390243902439,0.239837398373984,0.308943089430894,0.134146341463415,0.292682926829268,0,NA,20.0772357723577,20,1.84228398653455,0.0419239231965586,24,246,0.0772357723577236,0.158536585365854,0.292682926829268,0.247967479674797,0.223577235772358,0,NA,19.7886178861789,20,2.09470482074352,-0.100912601970385,24,246,0.17479674796748,0.0934959349593496,0.166666666666667,0.178861788617886,0.386178861788618,0,NA,246,0
1030133010322,21.3130081300813,21,1.54774144070661,0.202235413389461,25,246,0.126016260162602,0.215447154471545,0.195121951219512,0.207317073170732,0.25609756097561,0,NA,20.0894308943089,20,1.72618787296051,0.0518083203513441,23,246,0.024390243902439,0.239837398373984,0.308943089430894,0.134146341463415,0.292682926829268,0,NA,20.0853658536585,20,1.85076632454066,0.0461245985117672,24,246,0.0772357723577236,0.158536585365854,0.292682926829268,0.24390243902439,0.227642276422764,0,NA,19.7886178861789,20,2.09470482074352,-0.100912601970385,24,246,0.17479674796748,0.0934959349593496,0.166666666666667,0.178861788617886,0.386178861788618,0,NA,246,0
1030133010411,21.3170731707317,21,1.54294747444944,0.205498356867168,25,246,0.121951219512195,0.219512195121951,0.195121951219512,0.207317073170732,0.25609756097561,0,NA,20.0934959349593,20,1.72478876967106,0.0542071798027655,23,246,0.024390243902439,0.239837398373984,0.308943089430894,0.134146341463415,0.292682926829268,0,NA,20.0934959349593,20,1.84816466433974,0.050588530753428,24,246,0.0772357723577236,0.154471544715447,0.292682926829268,0.247967479674797,0.227642276422764,0,NA,19.7886178861789,20,2.09470482074352,-0.100912601970385,24,246,0.17479674796748,0.0934959349593496,0.166666666666667,0.178861788617886,0.386178861788618,0,NA,246,0
1030133010652,21.2886178861789,21,1.5472267884915,0.186538837309207,25,246,0.134146341463415,0.207317073170732,0.203252032520325,0.203252032520325,0.252032520325203,0,NA,20.0813008130081,20,1.71710955962467,0.0473474814419539,23,246,0.024390243902439,0.239837398373984,0.308943089430894,0.138211382113821,0.288617886178862,0,NA,20.0650406504065,20,1.84386389952552,0.0352741058725876,24,246,0.0772357723577236,0.16260162601626,0.288617886178862,0.252032520325203,0.219512195121951,0,NA,19.7764227642276,20,2.10994075942809,-0.105963750296458,24,246,0.182926829268293,0.0853658536585366,0.166666666666667,0.178861788617886,0.386178861788618,0,NA,246,0
1040173040004,22.6666666666667,23,1.52083042120679,-0.219178501879802,26,246,0.0609756097560976,0.207317073170732,0.186991869918699,0.215447154471545,0.329268292682927,0,NA,21.4878048780488,22,1.75367068631991,-0.292070299142688,25,246,0.158536585365854,0.195121951219512,0.142276422764228,0.158536585365854,0.345528455284553,0,NA,21.5487804878049,22,1.79672563195266,-0.251134343591873,25,246,0.126016260162602,0.219512195121951,0.121951219512195,0.203252032520325,0.329268292682927,0,NA,21.3089430894309,21.5,2.17829771133262,-0.087709273886269,26,246,0.113821138211382,0.231707317073171,0.154471544715447,0.207317073170732,0.292682926829268,0,NA,246,0
1040173040017,22.6747967479675,23,1.52259678803292,-0.213584617141258,26,246,0.0609756097560976,0.207317073170732,0.182926829268293,0.215447154471545,0.333333333333333,0,NA,21.4878048780488,22,1.75367068631991,-0.292070299142688,25,246,0.158536585365854,0.195121951219512,0.142276422764228,0.158536585365854,0.345528455284553,0,NA,21.5528455284553,22,1.79433690569614,-0.249203184822883,25,246,0.126016260162602,0.215447154471545,0.126016260162602,0.203252032520325,0.329268292682927,0,NA,21.3130081300813,21.5,2.17677759776641,-0.0859030661242433,26,246,0.113821138211382,0.227642276422764,0.158536585365854,0.207317073170732,0.292682926829268,0,NA,246,0
1040173040022,22.6747967479675,23,1.52259678803292,-0.213584617141258,26,246,0.0609756097560976,0.207317073170732,0.182926829268293,0.215447154471545,0.333333333333333,0,NA,21.4878048780488,22,1.75367068631991,-0.292070299142688,25,246,0.158536585365854,0.195121951219512,0.142276422764228,0.158536585365854,0.345528455284553,0,NA,21.5569105691057,22,1.78737437353039,-0.247899621621589,25,246,0.126016260162602,0.215447154471545,0.126016260162602,0.203252032520325,0.329268292682927,0,NA,21.3130081300813,21.5,2.17677759776641,-0.0859030661242433,26,246,0.113821138211382,0.227642276422764,0.158536585365854,0.207317073170732,0.292682926829268,0,NA,246,0
1040173040034,22.6747967479675,23,1.52259678803292,-0.213584617141258,26,246,0.0609756097560976,0.207317073170732,0.182926829268293,0.215447154471545,0.333333333333333,0,NA,21.4878048780488,22,1.75367068631991,-0.292070299142688,25,246,0.158536585365854,0.195121951219512,0.142276422764228,0.158536585365854,0.345528455284553,0,NA,21.5528455284553,22,1.79433690569614,-0.249203184822883,25,246,0.126016260162602,0.215447154471545,0.126016260162602,0.203252032520325,0.329268292682927,0,NA,21.3130081300813,21.5,2.17677759776641,-0.0859030661242433,26,246,0.113821138211382,0.227642276422764,0.158536585365854,0.207317073170732,0.292682926829268,0,NA,246,0
1040173040041,22.6747967479675,23,1.52259678803292,-0.213584617141258,26,246,0.0609756097560976,0.207317073170732,0.182926829268293,0.215447154471545,0.333333333333333,0,NA,21.4918699186992,22,1.75602024515013,-0.289364591726201,25,246,0.158536585365854,0.195121951219512,0.142276422764228,0.154471544715447,0.349593495934959,0,NA,21.5569105691057,22,1.78737437353039,-0.247899621621589,25,246,0.126016260162602,0.215447154471545,0.126016260162602,0.203252032520325,0.329268292682927,0,NA,21.3130081300813,21.5,2.17677759776641,-0.0859030661242433,26,246,0.113821138211382,0.227642276422764,0.158536585365854,0.207317073170732,0.292682926829268,0,NA,246,0
1040173040086,22.6666666666667,23,1.52083042120679,-0.219178501879802,26,246,0.0609756097560976,0.207317073170732,0.186991869918699,0.215447154471545,0.329268292682927,0,NA,21.4878048780488,22,1.75367068631991,-0.292070299142688,25,246,0.158536585365854,0.195121951219512,0.142276422764228,0.158536585365854,0.345528455284553,0,NA,21.5447154471545,22,1.79228292464234,-0.254024934671732,25,246,0.126016260162602,0.219512195121951,0.121951219512195,0.203252032520325,0.329268292682927,0,NA,21.3089430894309,21.5,2.17829771133262,-0.087709273886269,26,246,0.113821138211382,0.231707317073171,0.154471544715447,0.207317073170732,0.292682926829268,0,NA,246,0
1040173040092,22.6666666666667,23,1.52083042120679,-0.219178501879802,26,246,0.0609756097560976,0.207317073170732,0.186991869918699,0.215447154471545,0.329268292682927,0,NA,21.4878048780488,22,1.75367068631991,-0.292070299142688,25,246,0.158536585365854,0.195121951219512,0.142276422764228,0.158536585365854,0.345528455284553,0,NA,21.5487804878049,22,1.79672563195266,-0.251134343591873,25,246,0.126016260162602,0.219512195121951,0.121951219512195,0.203252032520325,0.329268292682927,0,NA,21.3089430894309,21.5,2.17829771133262,-0.087709273886269,26,246,0.113821138211382,0.231707317073171,0.154471544715447,0.207317073170732,0.292682926829268,0,NA,246,0
1040173040094,22.6747967479675,23,1.52259678803292,-0.213584617141258,26,246,0.0609756097560976,0.207317073170732,0.182926829268293,0.215447154471545,0.333333333333333,0,NA,21.4878048780488,22,1.75367068631991,-0.292070299142688,25,246,0.158536585365854,0.195121951219512,0.142276422764228,0.158536585365854,0.345528455284553,0,NA,21.5528455284553,22,1.79433690569614,-0.249203184822883,25,246,0.126016260162602,0.215447154471545,0.126016260162602,0.203252032520325,0.329268292682927,0,NA,21.3130081300813,21.5,2.17677759776641,-0.0859030661242433,26,246,0.113821138211382,0.227642276422764,0.158536585365854,0.207317073170732,0.292682926829268,0,NA,246,0
1040310010030,22.9471544715447,23,1.58089745647144,-0.033427549800249,27,246,0.0487804878048781,0.345528455284553,0,0.219512195121951,0.386178861788618,0,NA,21.7479674796748,22,1.73837125709946,-0.144981987763495,25,246,0.0853658536585366,0.231707317073171,0.150406504065041,0.317073170731707,0.215447154471545,0,NA,21.9065040650407,22,1.9004291604427,-0.0491972744396166,26,246,0.105691056910569,0.178861788617886,0.284552845528455,0.223577235772358,0.207317073170732,0,NA,21.5975609756098,22,2.11038108231507,-0.190694954462334,26,246,0.0772357723577236,0.219512195121951,0.158536585365854,0.203252032520325,0.341463414634146,0,NA,246,0
1040310010102,22.9430894308943,23,1.57946419749013,-0.0360315663983565,27,246,0.0487804878048781,0.345528455284553,0,0.223577235772358,0.382113821138211,0,NA,21.7439024390244,22,1.73424788574717,-0.14767067792346,25,246,0.0853658536585366,0.231707317073171,0.150406504065041,0.321138211382114,0.211382113821138,0,NA,21.8943089430894,22,1.89009451498944,-0.0559183977692033,26,246,0.105691056910569,0.178861788617886,0.288617886178862,0.223577235772358,0.203252032520325,0,NA,21.5975609756098,22,2.11038108231507,-0.190694954462334,26,246,0.0772357723577236,0.219512195121951,0.158536585365854,0.203252032520325,0.341463414634146,0,NA,246,0
1040310010174,22.9430894308943,23,1.57946419749013,-0.0360315663983565,27,246,0.0487804878048781,0.345528455284553,0,0.223577235772358,0.382113821138211,0,NA,21.739837398374,22,1.73246267267965,-0.150169239273489,25,246,0.0853658536585366,0.231707317073171,0.150406504065041,0.321138211382114,0.211382113821138,0,NA,21.8821138211382,22,1.88396163227647,-0.0625735560863525,26,246,0.105691056910569,0.178861788617886,0.288617886178862,0,0.426829268292683,0,NA,21.5853658536585,22,2.10897723260485,-0.19660437293073,26,246,0.0772357723577236,0.219512195121951,0.16260162601626,0.199186991869919,0.341463414634146,0,NA,246,0
1040310010180,22.9430894308943,23,1.57946419749013,-0.0360315663983565,27,246,0.0487804878048781,0.345528455284553,0,0.223577235772358,0.382113821138211,0,NA,21.739837398374,22,1.73246267267965,-0.150169239273489,25,246,0.0853658536585366,0.231707317073171,0.150406504065041,0.321138211382114,0.211382113821138,0,NA,21.8821138211382,22,1.88396163227647,-0.0625735560863525,26,246,0.105691056910569,0.178861788617886,0.288617886178862,0,0.426829268292683,0,NA,21.5853658536585,22,2.10897723260485,-0.19660437293073,26,246,0.0772357723577236,0.219512195121951,0.16260162601626,0.199186991869919,0.341463414634146,0,NA,246,0
1040310010462,22.9593495934959,23,1.58769952425715,-0.0256033373336703,27,246,0.0487804878048781,0.341463414634146,0,0.219512195121951,0.390243902439024,0,NA,21.7642276422764,22,1.73125553502633,-0.13618576400392,25,246,0.0813008130081301,0.231707317073171,0.150406504065041,0.321138211382114,0.215447154471545,0,NA,21.9146341463415,22,1.90938318608892,-0.04470860238033,26,246,0.105691056910569,0.178861788617886,0.280487804878049,0.227642276422764,0.207317073170732,0,NA,21.6016260162602,22,2.11212181698153,-0.188613166407779,26,246,0.0772357723577236,0.219512195121951,0.158536585365854,0.199186991869919,0.345528455284553,0,NA,246,0
1040310010482,22.9227642276423,23,1.55908466124172,-0.0495391778764668,26,246,0.0487804878048781,0.345528455284553,0,0.231707317073171,0.373983739837398,0,NA,21.7113821138211,22,1.74789451192617,-0.165123172027588,25,246,0.0975609756097561,0.223577235772358,0.150406504065041,0.317073170731707,0.211382113821138,0,NA,21.8617886178862,22,1.88148965407746,-0.0734584863723781,26,246,0.105691056910569,0.186991869918699,0.288617886178862,0,0.41869918699187,0,NA,21.5406504065041,22,2.08893439872666,-0.219896610336801,26,246,0.0772357723577236,0.219512195121951,0.182926829268293,0.191056910569106,0.329268292682927,0,NA,246,0
1040310010745,22.8861788617886,23,1.54762887515865,-0.0735454992074336,26,246,0.0487804878048781,0.182926829268293,0.170731707317073,0.227642276422764,0.369918699186992,0,NA,21.7113821138211,22,1.74789451192617,-0.165123172027588,25,246,0.0975609756097561,0.223577235772358,0.150406504065041,0.317073170731707,0.211382113821138,0,NA,21.8414634146341,22,1.85913856853743,-0.085274216805999,26,246,0.105691056910569,0.186991869918699,0.296747967479675,0,0.410569105691057,0,NA,21.520325203252,22,2.11447718629504,-0.226852670653992,26,246,0.0813008130081301,0.215447154471545,0.186991869918699,0.186991869918699,0.329268292682927,0,NA,246,0
1040310011128,22.9593495934959,23,1.58769952425715,-0.0256033373336703,27,246,0.0487804878048781,0.341463414634146,0,0.219512195121951,0.390243902439024,0,NA,21.7642276422764,22,1.7359643597066,-0.135816358443801,25,246,0.0853658536585366,0.227642276422764,0.146341463414634,0.32520325203252,0.215447154471545,0,NA,21.9146341463415,22,1.90938318608892,-0.04470860238033,26,246,0.105691056910569,0.178861788617886,0.280487804878049,0.227642276422764,0.207317073170732,0,NA,21.5975609756098,22,2.1065093833119,-0.191045445882382,26,246,0.0772357723577236,0.219512195121951,0.158536585365854,0.199186991869919,0.345528455284553,0,NA,246,0
1040380030347,23.1747967479675,23,1.55114669872613,0.112688727707722,27,246,0.142276422764228,0.215447154471545,0.227642276422764,0.182926829268293,0.231707317073171,0,NA,21.9756097560976,22,1.73069958550043,-0.0140927080047724,25,246,0.0365853658536585,0.247967479674797,0.284552845528455,0.182926829268293,0.247967479674797,0,NA,22.1341463414634,22,1.92785507408104,0.0695832084407887,26,246,0.0813008130081301,0.158536585365854,0.300813008130081,0.211382113821138,0.247967479674797,0,NA,21.8211382113821,22,2.10938629366972,-0.0847932828399672,26,246,0.17479674796748,0.0975609756097561,0.142276422764228,0.211382113821138,0.373983739837398,0,NA,246,0
1040380030396,23.1707317073171,23,1.54765031684662,0.110316720423606,27,246,0.142276422764228,0.215447154471545,0.227642276422764,0.186991869918699,0.227642276422764,0,NA,21.9674796747967,22,1.72347517628154,-0.0188690418352382,25,246,0.0365853658536585,0.247967479674797,0.284552845528455,0.191056910569106,0.239837398373984,0,NA,22.1138211382114,22,1.93444925256131,0.0588390406523595,26,246,0.0813008130081301,0.170731707317073,0.288617886178862,0.211382113821138,0.247967479674797,0,NA,21.8089430894309,22,2.10928010274833,-0.0905792029802796,26,246,0.17479674796748,0.0975609756097561,0.142276422764228,0.215447154471545,0.369918699186992,0,NA,246,0
1040380030460,23.1585365853659,23,1.54499464786172,0.102613032080901,27,246,0.146341463414634,0.211382113821138,0.227642276422764,0.195121951219512,0.219512195121951,0,NA,21.9634146341463,22,1.72220875231793,-0.0212432818056561,25,246,0.0365853658536585,0.247967479674797,0.288617886178862,0.186991869918699,0.239837398373984,0,NA,22.1056910569106,22,1.93491236158688,0.0546231751932621,26,246,0.0813008130081301,0.17479674796748,0.284552845528455,0.215447154471545,0.24390243902439,0,NA,21.8048780487805,22,2.11180756925365,-0.092395705963149,26,246,0.17479674796748,0.101626016260163,0.138211382113821,0.215447154471545,0.369918699186992,0,NA,246,0
1040380030693,23.1788617886179,23,1.54936469047315,0.115442019375868,27,246,0.142276422764228,0.211382113821138,0.231707317073171,0.182926829268293,0.231707317073171,0,NA,21.9674796747967,22,1.72347517628154,-0.0188690418352382,25,246,0.0365853658536585,0.247967479674797,0.284552845528455,0.191056910569106,0.239837398373984,0,NA,22.1341463414634,22,1.91723990677469,0.0699684692507176,26,246,0.0772357723577236,0.16260162601626,0.300813008130081,0.211382113821138,0.247967479674797,0,NA,21.8170731707317,22,2.10806836109087,-0.0867746191938639,26,246,0.17479674796748,0.0934959349593496,0.146341463414634,0.211382113821138,0.373983739837398,0,NA,246,0
1040380030768,23.1666666666667,23,1.5467763273346,0.107750981005681,27,246,0.146341463414634,0.207317073170732,0.231707317073171,0.191056910569106,0.223577235772358,0,NA,21.9552845528455,22,1.71726898762018,-0.0260386971853707,25,246,0.0365853658536585,0.247967479674797,0.292682926829268,0.186991869918699,0.235772357723577,0,NA,22.130081300813,22,1.93130747546624,0.0673540088595184,26,246,0.0772357723577236,0.170731707317073,0.292682926829268,0.211382113821138,0.247967479674797,0,NA,21.8089430894309,22,2.10734413101987,-0.0906624161458823,26,246,0.17479674796748,0.0975609756097561,0.142276422764228,0.211382113821138,0.373983739837398,0,NA,246,0
1040380030854,23.1341463414634,23,1.54731257574809,0.0866963427855271,27,246,0.154471544715447,0.207317073170732,0.227642276422764,0.199186991869919,0.211382113821138,0,NA,21.9430894308943,22,1.72046891096646,-0.0330785222231789,25,246,0.040650406504065,0.24390243902439,0.300813008130081,0.178861788617886,0.235772357723577,0,NA,22.0894308943089,22,1.9462496854366,0.0459503705912644,26,246,0.0894308943089431,0.170731707317073,0.280487804878049,0.219512195121951,0.239837398373984,0,NA,21.7926829268293,22,2.11160721191741,-0.098179752370935,26,246,0.178861788617886,0.0975609756097561,0.138211382113821,0.219512195121951,0.365853658536585,0,NA,246,0
1040380031057,23.1869918699187,23,1.55103438031309,0.120559461667738,27,246,0.142276422764228,0.207317073170732,0.235772357723577,0.178861788617886,0.235772357723577,0,NA,21.9715447154472,22,1.72473105032395,-0.016498389443096,25,246,0.0365853658536585,0.247967479674797,0.280487804878049,0.195121951219512,0.239837398373984,0,NA,22.1463414634146,22,1.93013873596425,0.0758191422657106,26,246,0.0772357723577236,0.16260162601626,0.296747967479675,0.215447154471545,0.247967479674797,0,NA,21.8252032520325,22,2.09711535583116,-0.0833510409818169,26,246,0.170731707317073,0.0975609756097561,0.146341463414634,0.211382113821138,0.373983739837398,0,NA,246,0
1040380031108,23.1910569105691,23,1.54922011348074,0.123324574027021,27,246,0.142276422764228,0.203252032520325,0.239837398373984,0.178861788617886,0.235772357723577,0,NA,21.9756097560976,22,1.72360994988222,-0.0141506748113776,25,246,0.0365853658536585,0.247967479674797,0.280487804878049,0.195121951219512,0.239837398373984,0,NA,22.1463414634146,22,1.93013873596425,0.0758191422657106,26,246,0.0772357723577236,0.16260162601626,0.296747967479675,0.215447154471545,0.247967479674797,0,NA,21.8252032520325,22,2.09711535583116,-0.0833510409818169,26,246,0.170731707317073,0.0975609756097561,0.146341463414634,0.211382113821138,0.373983739837398,0,NA,246,0
1050090030114,22.5447154471545,23,1.48049651087032,-0.307521530447842,26,246,0.0691056910569106,0.207317073170732,0.215447154471545,0.223577235772358,0.284552845528455,0,NA,21.3292682926829,21,1.77548989306566,0.185452079433915,25,246,0.024390243902439,0.353658536585366,0.138211382113821,0.16260162601626,0.321138211382114,0,NA,21.349593495935,22,1.84715441312217,-0.352112687193101,25,246,0.170731707317073,0.211382113821138,0.113821138211382,0.231707317073171,0.272357723577236,0,NA,21.1626016260163,21,2.14523290677816,0.0757967237508334,26,246,0.121951219512195,0.24390243902439,0.182926829268293,0.191056910569106,0.260162601626016,0,NA,246,0
1050090030347,22.520325203252,23,1.48927920380042,-0.322085204388747,26,246,0.0772357723577236,0.207317073170732,0.207317073170732,0.227642276422764,0.280487804878049,0,NA,21.3130081300813,21,1.77844047020306,0.176001466074128,25,246,0.024390243902439,0.353658536585366,0.150406504065041,0.150406504065041,0.321138211382114,0,NA,21.3252032520325,21.5,1.847208307135,-0.094627523756965,25,246,0.178861788617886,0.207317073170732,0.113821138211382,0.227642276422764,0.272357723577236,0,NA,21.1178861788618,21,2.11851054802517,0.0556457832941539,26,246,0.121951219512195,0.252032520325203,0.186991869918699,0.191056910569106,0.247967479674797,0,NA,246,0
1050090030396,22.520325203252,23,1.48927920380042,-0.322085204388747,26,246,0.0772357723577236,0.207317073170732,0.207317073170732,0.227642276422764,0.280487804878049,0,NA,21.2886178861789,21,1.76878619753116,0.16317285072764,24,246,0.024390243902439,0.357723577235772,0.146341463414634,0.16260162601626,0.308943089430894,0,NA,21.3048780487805,21.5,1.85619112573875,-0.10511953672974,25,246,0.191056910569106,0.199186991869919,0.109756097560976,0.227642276422764,0.272357723577236,0,NA,21.1138211382114,21,2.11584209909106,0.0537947223284186,26,246,0.121951219512195,0.252032520325203,0.186991869918699,0.195121951219512,0.24390243902439,0,NA,246,0
1050090030460,22.5447154471545,23,1.48049651087032,-0.307521530447842,26,246,0.0691056910569106,0.207317073170732,0.215447154471545,0.223577235772358,0.284552845528455,0,NA,21.3211382113821,21,1.77927992922247,0.18048773894867,25,246,0.024390243902439,0.353658536585366,0.142276422764228,0.158536585365854,0.321138211382114,0,NA,21.3414634146341,22,1.84647161947136,-0.35664592860322,25,246,0.17479674796748,0.207317073170732,0.113821138211382,0.231707317073171,0.272357723577236,0,NA,21.1544715447154,21,2.14583610202131,0.0719866464032092,26,246,0.121951219512195,0.247967479674797,0.182926829268293,0.186991869918699,0.260162601626016,0,NA,246,0
1050090030599,22.5528455284553,23,1.48022751716476,-0.302084960831694,26,246,0.0691056910569106,0.207317073170732,0.207317073170732,0.231707317073171,0.284552845528455,0,NA,21.349593495935,21,1.78192164026344,0.196189039986783,25,246,0.024390243902439,0.345528455284553,0.142276422764228,0.166666666666667,0.321138211382114,0,NA,21.3617886178862,22,1.84147324894059,-0.346576515559478,25,246,0.16260162601626,0.219512195121951,0.113821138211382,0.227642276422764,0.276422764227642,0,NA,21.1747967479675,21,2.14331779795013,0.0815542837999369,26,246,0.121951219512195,0.239837398373984,0.186991869918699,0.186991869918699,0.264227642276423,0,NA,246,0
1050090030693,22.5569105691057,23,1.48283134031022,-0.298813100889552,26,246,0.0691056910569106,0.207317073170732,0.207317073170732,0.227642276422764,0.288617886178862,0,NA,21.3617886178862,21,1.78748576475922,0.202400838663414,25,246,0.024390243902439,0.345528455284553,0.138211382113821,0.16260162601626,0.329268292682927,0,NA,21.369918699187,22,1.83540842184944,-0.34329214866417,25,246,0.16260162601626,0.219512195121951,0.109756097560976,0.231707317073171,0.276422764227642,0,NA,21.1910569105691,21,2.13619949118422,0.0894377661625563,26,246,0.113821138211382,0.247967479674797,0.182926829268293,0.186991869918699,0.268292682926829,0,NA,246,0
1050090030768,22.5569105691057,23,1.48283134031022,-0.298813100889552,26,246,0.0691056910569106,0.207317073170732,0.207317073170732,0.227642276422764,0.288617886178862,0,NA,21.3577235772358,21,1.78488017685433,0.200418819075141,25,246,0.024390243902439,0.345528455284553,0.138211382113821,0.166666666666667,0.32520325203252,0,NA,21.3658536585366,22,1.83511459991557,-0.345562256162415,25,246,0.16260162601626,0.219512195121951,0.113821138211382,0.227642276422764,0.276422764227642,0,NA,21.1869918699187,21,2.1413312414589,0.0873250556935325,26,246,0.117886178861789,0.24390243902439,0.182926829268293,0.186991869918699,0.268292682926829,0,NA,246,0
1050090031057,22.5447154471545,23,1.48049651087032,-0.307521530447842,26,246,0.0691056910569106,0.207317073170732,0.215447154471545,0.223577235772358,0.284552845528455,0,NA,21.3292682926829,21,1.77548989306566,0.185452079433915,25,246,0.024390243902439,0.353658536585366,0.138211382113821,0.16260162601626,0.321138211382114,0,NA,21.3414634146341,22,1.84647161947136,-0.35664592860322,25,246,0.17479674796748,0.207317073170732,0.113821138211382,0.231707317073171,0.272357723577236,0,NA,21.1585365853659,21,2.14077715544339,0.0740556227268875,26,246,0.117886178861789,0.252032520325203,0.182926829268293,0.186991869918699,0.260162601626016,0,NA,246,0
1050100040151,22.4593495934959,22,1.50792937626938,0.30462275006033,26,246,0.0894308943089431,0.207317073170732,0.215447154471545,0.211382113821138,0.276422764227642,0,NA,21.2479674796748,21,1.76574431752065,0.14043226825896,24,246,0.024390243902439,0.369918699186992,0.142276422764228,0.154471544715447,0.308943089430894,0,NA,21.2439024390244,21,1.8553462228839,0.131459258663471,25,246,0.0569105691056911,0.150406504065041,0.300813008130081,0.227642276422764,0.264227642276423,0,NA,21.0325203252033,21,2.10900870165745,0.0154197207331072,26,246,0.130081300813008,0.264227642276423,0.186991869918699,0.186991869918699,0.231707317073171,0,NA,246,0
1050100040166,22.4308943089431,22,1.5068892179966,0.285949560058541,26,246,0.0975609756097561,0.199186991869919,0.223577235772358,0.211382113821138,0.268292682926829,0,NA,21.2154471544715,21,1.76540600731541,0.12203830369829,24,246,0.024390243902439,0.203252032520325,0.32520325203252,0.138211382113821,0.308943089430894,0,NA,21.219512195122,21,1.85180148522108,0.118539809409292,25,246,0.0609756097560976,0.150406504065041,0.296747967479675,0.231707317073171,0.260162601626016,0,NA,21.020325203252,21,2.10819428874981,0.00964104843680464,26,246,0.130081300813008,0.264227642276423,0.191056910569106,0.186991869918699,0.227642276422764,0,NA,246,0
1050100040272,22.4308943089431,22,1.5068892179966,0.285949560058541,26,246,0.0975609756097561,0.199186991869919,0.223577235772358,0.211382113821138,0.268292682926829,0,NA,21.2113821138211,21,1.76474329529567,0.119780658402061,24,246,0.024390243902439,0.203252032520325,0.329268292682927,0.134146341463415,0.308943089430894,0,NA,21.2154471544715,21,1.84455215604754,0.116801877228128,25,246,0.0609756097560976,0.150406504065041,0.296747967479675,0.231707317073171,0.260162601626016,0,NA,21.0081300813008,21,2.10537091582787,0.00386159096228221,26,246,0.130081300813008,0.264227642276423,0.203252032520325,0.17479674796748,0.227642276422764,0,NA,246,0
1050100040335,22.4512195121951,22,1.51309202836827,0.298210223658189,26,246,0.0934959349593496,0.203252032520325,0.219512195121951,0.207317073170732,0.276422764227642,0,NA,21.2276422764228,21,1.77194926969388,0.128469973896087,24,246,0.024390243902439,0.203252032520325,0.317073170731707,0.146341463414634,0.308943089430894,0,NA,21.2317073170732,21,1.85141168745259,0.125151698373463,25,246,0.0609756097560976,0.146341463414634,0.300813008130081,0.231707317073171,0.260162601626016,0,NA,21.0284552845528,21,2.10809984371082,0.0134980725119525,26,246,0.130081300813008,0.264227642276423,0.191056910569106,0.182926829268293,0.231707317073171,0,NA,246,0
1050100040403,22.4512195121951,22,1.51309202836827,0.298210223658189,26,246,0.0934959349593496,0.203252032520325,0.219512195121951,0.207317073170732,0.276422764227642,0,NA,21.2317073170732,21,1.77257184642027,0.130718152576498,24,246,0.024390243902439,0.203252032520325,0.313008130081301,0.150406504065041,0.308943089430894,0,NA,21.2357723577236,21,1.85859855393847,0.126854912925635,25,246,0.0609756097560976,0.146341463414634,0.300813008130081,0.231707317073171,0.260162601626016,0,NA,21.0284552845528,21,2.10809984371082,0.0134980725119525,26,246,0.130081300813008,0.264227642276423,0.191056910569106,0.182926829268293,0.231707317073171,0,NA,246,0
1050100040480,22.4552845528455,22,1.51321812782317,0.30087172792496,26,246,0.0934959349593496,0.203252032520325,0.215447154471545,0.211382113821138,0.276422764227642,0,NA,21.2357723577236,21,1.77088148608635,0.133138416983868,24,246,0.024390243902439,0.373983739837398,0.142276422764228,0.150406504065041,0.308943089430894,0,NA,21.2439024390244,21,1.8553462228839,0.131459258663471,25,246,0.0569105691056911,0.150406504065041,0.300813008130081,0.227642276422764,0.264227642276423,0,NA,21.0284552845528,21,2.10809984371082,0.0134980725119525,26,246,0.130081300813008,0.264227642276423,0.191056910569106,0.182926829268293,0.231707317073171,0,NA,246,0
1050100040517,22.4390243902439,22,1.50453106919671,0.291801478369139,26,246,0.0934959349593496,0.203252032520325,0.223577235772358,0.207317073170732,0.272357723577236,0,NA,21.2317073170732,21,1.77257184642027,0.130718152576498,24,246,0.024390243902439,0.203252032520325,0.313008130081301,0.150406504065041,0.308943089430894,0,NA,21.2357723577236,21,1.86298553813883,0.126556193216142,25,246,0.0609756097560976,0.146341463414634,0.300813008130081,0.227642276422764,0.264227642276423,0,NA,21.0284552845528,21,2.10809984371082,0.0134980725119525,26,246,0.130081300813008,0.264227642276423,0.191056910569106,0.182926829268293,0.231707317073171,0,NA,246,0
1050100040692,22.4512195121951,22,1.51039207525909,0.29874329956195,26,246,0.0934959349593496,0.203252032520325,0.215447154471545,0.215447154471545,0.272357723577236,0,NA,21.2276422764228,21,1.76039424216227,0.129313236189158,24,246,0.024390243902439,0.373983739837398,0.150406504065041,0.142276422764228,0.308943089430894,0,NA,21.2317073170732,21,1.85801373309091,0.124706999171482,25,246,0.0609756097560976,0.150406504065041,0.296747967479675,0.227642276422764,0.264227642276423,0,NA,21.020325203252,21,2.11012948048773,0.00963220666787417,26,246,0.130081300813008,0.264227642276423,0.195121951219512,0.178861788617886,0.231707317073171,0,NA,246,0
1050290020161,23.0813008130081,23,1.56018573428574,0.0521097015704677,27,246,0.17479674796748,0.191056910569106,0.227642276422764,0.199186991869919,0.207317073170732,0,NA,21.9024390243902,22,1.72337890297101,-0.0566102877559695,25,246,0.0528455284552846,0.239837398373984,0.300813008130081,0.170731707317073,0.235772357723577,0,NA,22.0528455284553,22,1.91696295529139,0.0275673185595041,26,246,0.0894308943089431,0.178861788617886,0.272357723577236,0.231707317073171,0.227642276422764,0,NA,21.7113821138211,22,2.09811200852858,-0.137560761773282,26,246,0.182926829268293,0.105691056910569,0.154471544715447,0.203252032520325,0.353658536585366,0,NA,246,0
1050290020224,23.0447154471545,23,1.57078964943777,0.028466858799633,27,246,0.182926829268293,0.191056910569106,0,0.422764227642276,0.203252032520325,0,NA,21.869918699187,22,1.73539079686767,-0.0749579293884699,25,246,0.0609756097560976,0.235772357723577,0.296747967479675,0.170731707317073,0.235772357723577,0,NA,22.0284552845528,22,1.91108561199118,0.014889591745289,26,246,0.0894308943089431,0.182926829268293,0.272357723577236,0.231707317073171,0.223577235772358,0,NA,21.6707317073171,22,2.11151291953374,-0.15593951125605,26,246,0.186991869918699,0.105691056910569,0.16260162601626,0.195121951219512,0.349593495934959,0,NA,246,0
1050290020322,23.0569105691057,23,1.57428733735011,0.0361500519984403,27,246,0.182926829268293,0.191056910569106,0.219512195121951,0.203252032520325,0.203252032520325,0,NA,21.869918699187,22,1.72122096954931,-0.0755750151283993,25,246,0.0609756097560976,0.231707317073171,0.300813008130081,0.17479674796748,0.231707317073171,0,NA,22.020325203252,22,1.91118979288385,0.010634842927537,26,246,0.0894308943089431,0.182926829268293,0.272357723577236,0.231707317073171,0.223577235772358,0,NA,21.6869918699187,22,2.11206289909405,-0.148200193382291,26,246,0.186991869918699,0.101626016260163,0.158536585365854,0.203252032520325,0.349593495934959,0,NA,246,0
1050290020557,23.0040650406504,23,1.57401856037517,0.00258258749467189,27,246,0.0447154471544715,0.333333333333333,0,0.223577235772358,0.398373983739837,0,NA,21.8170731707317,22,1.71520010456676,-0.106650430338272,25,246,0.0650406504065041,0.24390243902439,0.288617886178862,0.182926829268293,0.219512195121951,0,NA,21.9634146341463,22,1.90452815058124,-0.0192096745025753,26,246,0.0975609756097561,0.182926829268293,0.288617886178862,0.211382113821138,0.219512195121951,0,NA,21.6382113821138,22,2.12160972098934,-0.17052552800214,26,246,0.186991869918699,0.109756097560976,0.16260162601626,0.195121951219512,0.345528455284553,0,NA,246,0
1050290020649,23.0569105691057,23,1.57428733735011,0.0361500519984403,27,246,0.182926829268293,0.191056910569106,0.219512195121951,0.203252032520325,0.203252032520325,0,NA,21.8739837398374,22,1.72744177483608,-0.0729496426439953,25,246,0.0609756097560976,0.231707317073171,0.300813008130081,0.17479674796748,0.231707317073171,0,NA,22.020325203252,22,1.91118979288385,0.010634842927537,26,246,0.0894308943089431,0.182926829268293,0.272357723577236,0.231707317073171,0.223577235772358,0,NA,21.6869918699187,22,2.11206289909405,-0.148200193382291,26,246,0.186991869918699,0.101626016260163,0.158536585365854,0.203252032520325,0.349593495934959,0,NA,246,0
1050290020690,23.0325203252033,23,1.58273831090604,0.0205468743500842,27,246,0.199186991869919,0.17479674796748,0.223577235772358,0.199186991869919,0.203252032520325,0,NA,21.8455284552846,22,1.71681965261211,-0.089975405675502,25,246,0.0650406504065041,0.231707317073171,0.296747967479675,0.182926829268293,0.223577235772358,0,NA,22.0040650406504,22,1.89628631154272,0.0021436850678415,26,246,0.0894308943089431,0.186991869918699,0.268292682926829,0.235772357723577,0.219512195121951,0,NA,21.6707317073171,22,2.12307946181829,-0.15508995240382,26,246,0.186991869918699,0.105691056910569,0.154471544715447,0.203252032520325,0.349593495934959,0,NA,246,0
1050290020691,23.0325203252033,23,1.58273831090604,0.0205468743500842,27,246,0.199186991869919,0.17479674796748,0.223577235772358,0.199186991869919,0.203252032520325,0,NA,21.8455284552846,22,1.71681965261211,-0.089975405675502,25,246,0.0650406504065041,0.231707317073171,0.296747967479675,0.182926829268293,0.223577235772358,0,NA,22.0040650406504,22,1.89628631154272,0.0021436850678415,26,246,0.0894308943089431,0.186991869918699,0.268292682926829,0.235772357723577,0.219512195121951,0,NA,21.6707317073171,22,2.12307946181829,-0.15508995240382,26,246,0.186991869918699,0.105691056910569,0.154471544715447,0.203252032520325,0.349593495934959,0,NA,246,0
1050290021238,22.979674796748,23,1.57389206121061,-0.0129139753309372,27,246,0.0447154471544715,0.33739837398374,0,0.235772357723577,0.382113821138211,0,NA,21.7926829268293,22,1.70763809824109,-0.12140574363167,25,246,0.0691056910569106,0.239837398373984,0.146341463414634,0.329268292682927,0.215447154471545,0,NA,21.9268292682927,22,1.88515459965735,-0.0388141809274517,26,246,0.0975609756097561,0.186991869918699,0.292682926829268,0.207317073170732,0.215447154471545,0,NA,21.6138211382114,22,2.11535977364597,-0.182559423980637,26,246,0.191056910569106,0.105691056910569,0.166666666666667,0.199186991869919,0.33739837398374,0,NA,246,0
2010100010148,20.6382113821138,20.5,1.66696695486282,0.0829118907910169,24,246,0.0731707317073171,0.24390243902439,0.182926829268293,0.191056910569106,0.308943089430894,0,NA,19.6585365853659,20,1.65531558514114,-0.206282969664078,24,246,0.0691056910569106,0.247967479674797,0.170731707317073,0.182926829268293,0.329268292682927,0,NA,19.1463414634146,19,1.70321629400124,0.0859206572471446,23,246,0.178861788617886,0,0.410569105691057,0.186991869918699,0.223577235772358,0,NA,18.9552845528455,19,2.26824406605396,-0.0197136841769682,24,246,0.158536585365854,0.142276422764228,0.150406504065041,0.276422764227642,0.272357723577236,0,NA,246,0
2010100010263,20.7073170731707,21,1.66467111327757,-0.175820271340568,24,246,0.0609756097560976,0.235772357723577,0.195121951219512,0.304878048780488,0.203252032520325,0,NA,19.7032520325203,20,1.64544814114573,-0.180344770557794,24,246,0.0528455284552846,0.25609756097561,0.178861788617886,0.170731707317073,0.341463414634146,0,NA,19.219512195122,19,1.69048518752411,0.129851593342529,23,246,0.154471544715447,0,0.422764227642276,0.186991869918699,0.235772357723577,0,NA,19.0162601626016,19,2.27132520820487,0.00715888792273677,24,246,0.146341463414634,0.150406504065041,0.296747967479675,0.134146341463415,0.272357723577236,0,NA,246,0
2010100010297,20.6422764227642,21,1.64195046434422,-0.217865023947994,24,246,0.0691056910569106,0.239837398373984,0.186991869918699,0.195121951219512,0.308943089430894,0,NA,19.6585365853659,20,1.65531558514114,-0.206282969664078,24,246,0.0691056910569106,0.247967479674797,0.170731707317073,0.182926829268293,0.329268292682927,0,NA,19.1544715447154,19,1.69528768409378,0.09111818965288,23,246,0.170731707317073,0,0.422764227642276,0.186991869918699,0.219512195121951,0,NA,18.9471544715447,19,2.25724503216306,-0.0234115161191187,24,246,0.158536585365854,0.142276422764228,0.150406504065041,0.276422764227642,0.272357723577236,0,NA,246,0
2010100010336,20.760162601626,21,1.66457642279661,-0.144083140364946,24,246,0.0569105691056911,0.227642276422764,0.191056910569106,0.317073170731707,0.207317073170732,0,NA,19.7723577235772,20,1.62034517930068,-0.140489989004078,24,246,0.0447154471544715,0.231707317073171,0.203252032520325,0.16260162601626,0.357723577235772,0,NA,19.2926829268293,19,1.69142715886559,0.173039037061203,23,246,0.142276422764228,0.239837398373984,0.182926829268293,0.195121951219512,0.239837398373984,0,NA,19.0934959349593,19,2.24685684629406,0.0416118788847455,24,246,0.130081300813008,0.142276422764228,0.313008130081301,0.134146341463415,0.280487804878049,0,NA,246,0
2010100010511,20.7113821138211,21,1.65184884677041,-0.174724150301736,24,246,0.0609756097560976,0.227642276422764,0.203252032520325,0.304878048780488,0.203252032520325,0,NA,19.7073170731707,20,1.62747686182906,-0.179838456505203,24,246,0.0487804878048781,0.25609756097561,0.182926829268293,0.166666666666667,0.345528455284553,0,NA,19.2235772357724,19,1.69115737694696,0.132203684186968,23,246,0.154471544715447,0.24390243902439,0.182926829268293,0.186991869918699,0.231707317073171,0,NA,19.0365853658537,19,2.24305798164235,0.0163104860209051,24,246,0.142276422764228,0.134146341463415,0.317073170731707,0.130081300813008,0.276422764227642,0,NA,246,0
2010100010558,20.6991869918699,21,1.65583672343841,-0.181668279167907,24,246,0.0609756097560976,0.235772357723577,0.195121951219512,0.304878048780488,0.203252032520325,0,NA,19.6951219512195,20,1.63399366314244,-0.186584596781212,24,246,0.0528455284552846,0.25609756097561,0.178861788617886,0.170731707317073,0.341463414634146,0,NA,19.2113821138211,19,1.68669236767971,0.125323454277513,23,246,0.154471544715447,0,0.426829268292683,0.186991869918699,0.231707317073171,0,NA,19.0162601626016,19,2.25328328187241,0.00721620877962302,24,246,0.146341463414634,0.142276422764228,0.304878048780488,0.134146341463415,0.272357723577236,0,NA,246,0
2010100010656,20.7154471544715,21,1.65379131621983,-0.172060914057086,24,246,0.0609756097560976,0.227642276422764,0.203252032520325,0.304878048780488,0.203252032520325,0,NA,19.7154471544715,20,1.62641624415055,-0.174956962310146,24,246,0.0447154471544715,0.260162601626016,0.182926829268293,0.166666666666667,0.345528455284553,0,NA,19.2317073170732,19,1.69488146948974,0.136710042114583,23,246,0.150406504065041,0.247967479674797,0.182926829268293,0.186991869918699,0.231707317073171,0,NA,19.0365853658537,19,2.24305798164235,0.0163104860209051,24,246,0.142276422764228,0.134146341463415,0.317073170731707,0.130081300813008,0.276422764227642,0,NA,246,0
2010100010785,20.6910569105691,21,1.64691464805328,-0.187589010636391,24,246,0.0609756097560976,0.235772357723577,0.195121951219512,0.195121951219512,0.313008130081301,0,NA,19.6910569105691,20,1.63197679705801,-0.18930605507862,24,246,0.0528455284552846,0.25609756097561,0.178861788617886,0.17479674796748,0.33739837398374,0,NA,19.2073170731707,19,1.68840805260917,0.122788488748532,23,246,0.154471544715447,0,0.426829268292683,0.186991869918699,0.231707317073171,0,NA,19.0081300813008,19,2.24243284415851,0.00362556288898079,24,246,0.146341463414634,0.142276422764228,0.304878048780488,0.134146341463415,0.272357723577236,0,NA,246,0
2010110010048,20.3170731707317,20,1.75111427229184,0.181069377223866,24,246,0.166666666666667,0.219512195121951,0.182926829268293,0.146341463414634,0.284552845528455,0,NA,19.4268292682927,19,1.6784138854084,0.254305134152787,24,246,0.117886178861789,0.247967479674797,0.154471544715447,0.211382113821138,0.268292682926829,0,NA,18.8292682926829,19,1.75293254965603,-0.0973977620248855,23,246,0.0650406504065041,0.211382113821138,0.199186991869919,0.16260162601626,0.361788617886179,0,NA,18.650406504065,18,2.37841909366293,0.273461689656793,24,246,0.0813008130081301,0.264227642276423,0.158536585365854,0.227642276422764,0.268292682926829,0,NA,246,0
2010110010206,20.4227642276423,20,1.71432442852143,0.246606896926098,24,246,0.126016260162602,0.247967479674797,0.17479674796748,0.158536585365854,0.292682926829268,0,NA,19.5406504065041,19,1.69403936529323,0.319148667723243,24,246,0.0894308943089431,0.260162601626016,0.16260162601626,0.182926829268293,0.304878048780488,0,NA,18.9268292682927,19,1.75508930737275,-0.0416906030934971,23,246,0.0528455284552846,0.195121951219512,0.211382113821138,0.166666666666667,0.373983739837398,0,NA,18.7357723577236,19,2.38004047577658,-0.111018129719079,24,246,0.0691056910569106,0.268292682926829,0.154471544715447,0.239837398373984,0.268292682926829,0,NA,246,0
2010110010209,20.3292682926829,20,1.75001955475102,0.188151207675946,24,246,0.16260162601626,0.219512195121951,0.186991869918699,0.146341463414634,0.284552845528455,0,NA,19.4390243902439,19,1.67647025434047,0.261874249845617,24,246,0.113821138211382,0.252032520325203,0.150406504065041,0.211382113821138,0.272357723577236,0,NA,18.8292682926829,19,1.75293254965603,-0.0973977620248855,23,246,0.0650406504065041,0.211382113821138,0.199186991869919,0.16260162601626,0.361788617886179,0,NA,18.6747967479675,19,2.38017641246156,-0.136629894460721,24,246,0.0772357723577236,0.268292682926829,0.150406504065041,0.235772357723577,0.268292682926829,0,NA,246,0
2010110010246,20.280487804878,20,1.76085130323249,0.159291022679281,24,246,0.17479674796748,0.223577235772358,0.182926829268293,0.138211382113821,0.280487804878049,0,NA,19.3658536585366,19,1.72505329196794,0.21208252535736,24,246,0.146341463414634,0.239837398373984,0.138211382113821,0.211382113821138,0.264227642276423,0,NA,18.8130081300813,19,1.7442598266287,-0.107204137287343,23,246,0.0650406504065041,0.215447154471545,0.195121951219512,0.166666666666667,0.357723577235772,0,NA,18.5934959349593,18,2.37963261912931,0.249406538718781,24,246,0.0894308943089431,0.272357723577236,0.142276422764228,0.235772357723577,0.260162601626016,0,NA,246,0
