y4_hhid,mean_season_1983,median_season_1983,sd_season_1983,total_season_1983,skew_season_1983,norain_1983,raindays_1983,raindays_percent_1983,dry_1983,mean_season_1984,median_season_1984,sd_season_1984,total_season_1984,skew_season_1984,norain_1984,raindays_1984,raindays_percent_1984,dry_1984,mean_season_1985,median_season_1985,sd_season_1985,total_season_1985,skew_season_1985,norain_1985,raindays_1985,raindays_percent_1985,dry_1985,mean_season_1986,median_season_1986,sd_season_1986,total_season_1986,skew_season_1986,norain_1986,raindays_1986,raindays_percent_1986,dry_1986,mean_period_total_season,sd_period_total_season,dev_total_season_1983,z_total_season_1983,dev_total_season_1984,z_total_season_1984,dev_total_season_1985,z_total_season_1985,dev_total_season_1986,z_total_season_1986,mean_period_raindays,sd_period_raindays,dev_raindays_1983,dev_raindays_1984,dev_raindays_1985,dev_raindays_1986,mean_period_norain,sd_period_norain,dev_norain_1983,dev_norain_1984,dev_norain_1985,dev_norain_1986,mean_period_raindays_percent,sd_period_raindays_percent,dev_raindays_percent_1983,dev_raindays_percent_1984,dev_raindays_percent_1985,dev_raindays_percent_1986
1000-001,1.2398374,0,4.5610819,305,.27182966,211,35,.14227642,78,1.6056911,0,6.5186553,395,.24632244,215,31,.12601626,86,1.9268292,0,6.9284043,474,.27810577,207,39,.15853658,70,1.906504,0,8.7837629,469,.21704866,217,29,.11788618,92,410.75,79.214371,-105.75,-1.334985,-15.75,-.19882756,63.25,.79846621,58.25,.73534638,16.818089,18.068481,18.181911,14.181911,22.181911,12.181911,212.5,4.4347115,-1.5,2.5,-5.5,4.5,.13617887,.018027281,.0060975552,-.010162607,.022357717,-.018292688
1001-001,1.2926829,0,4.8314137,318,.26755789,211,35,.14227642,78,1.6747967,0,6.449801,412,.25966641,215,31,.12601626,86,1.995935,0,7.249207,491,.2753315,207,39,.15853658,70,2.0203252,0,9.1933641,497,.21975908,217,29,.11788618,92,429.5,83.819252,-111.5,-1.3302433,-17.5,-.20878258,61.5,.73372167,67.5,.80530423,16.818089,18.068481,18.181911,14.181911,22.181911,12.181911,212.5,4.4347115,-1.5,2.5,-5.5,4.5,.13617887,.018027281,.0060975552,-.010162607,.022357717,-.018292688
1002-001,1.3211383,0,5.0530372,325,.26145428,212,34,.13821138,78,1.7357724,0,6.4326415,427,.26983818,216,30,.12195122,86,2.0487804,0,7.6241865,504,.26872119,207,39,.15853658,70,2.0853658,0,9.5539732,513,.2182721,218,28,.11382114,92,442.25,87.175591,-117.25,-1.3449866,-15.25,-.17493428,61.75,.70834047,70.75,.81158042,16.441565,17.721947,17.558435,13.558435,22.558435,11.558435,213.25,4.8562675,-1.25,2.75,-6.25,4.75,.13313009,.019740922,.005081296,-.011178866,.025406495,-.019308947
1003-001,1.3455285,0,5.106071,331,.26351544,212,34,.13821138,78,1.7235773,0,6.530057,424,.26394522,217,29,.11788618,86,2.0528455,0,7.4094019,505,.27705953,207,39,.15853658,70,2.0894308,0,9.5169096,514,.2195493,218,28,.11382114,92,443.5,85.223236,-112.5,-1.3200625,-19.5,-.22881083,61.5,.72163415,70.5,.82723916,16.316057,17.616394,17.683943,12.683943,22.683943,11.683943,213.5,5.0662279,-1.5,3.5,-6.5,4.5,.13211381,.020594422,.0060975701,-.014227636,.026422769,-.018292673
1005-001,1.3414634,0,5.0786939,330,.26413551,212,34,.13821138,78,1.7073171,0,6.4810324,420,.26343289,216,30,.12195122,86,2.0447154,0,7.376883,503,.27717876,207,39,.15853658,70,2.0772357,0,9.4656267,511,.21945041,218,28,.11382114,92,441,84.667976,-111,-1.3110033,-21,-.24802765,62,.73227215,70,.82675886,16.441565,17.721947,17.558435,13.558435,22.558435,11.558435,213.25,4.8562675,-1.25,2.75,-6.25,4.75,.13313009,.019740922,.005081296,-.011178866,.025406495,-.019308947
1006-001,1.2845528,0,4.7766786,316,.26892176,211,35,.14227642,78,1.6178862,0,6.6902552,398,.24182728,215,31,.12601626,86,1.9471545,0,6.8614016,479,.28378379,207,39,.15853658,70,1.9674797,0,8.9085464,484,.22085306,218,28,.11382114,92,419.25,79.319504,-103.25,-1.3016975,-21.25,-.26790383,59.75,.75328255,64.75,.81631875,16.692581,17.97592,18.307419,14.307419,22.307419,11.307419,212.75,4.7871356,-1.75,2.25,-5.75,5.25,.13516261,.019459898,.0071138144,-.0091463476,.023373976,-.021341465
1007-001,1.300813,0,4.8241482,320,.26964614,211,35,.14227642,78,1.6219512,0,6.6583815,399,.24359542,215,31,.12601626,86,1.9512196,0,6.8837028,480,.28345495,207,39,.15853658,70,1.9796748,0,8.9408255,487,.22141969,217,29,.11788618,92,421.5,78.572685,-101.5,-1.2917975,-22.5,-.28635904,58.5,.74453354,65.5,.83362305,16.818089,18.068481,18.181911,14.181911,22.181911,12.181911,212.5,4.4347115,-1.5,2.5,-5.5,4.5,.13617887,.018027281,.0060975552,-.010162607,.022357717,-.018292688
1009-001,1.3333334,0,5.0864635,328,.26213369,212,34,.13821138,78,1.7439024,0,6.4405813,429,.27076787,216,30,.12195122,86,2.0650406,0,7.7065992,508,.26795745,207,39,.15853658,70,2.0934958,0,9.6054516,515,.21794872,218,28,.11382114,92,445,87.204742,-117,-1.3416702,-16,-.18347625,63,.7224378,70,.80270863,16.441565,17.721947,17.558435,13.558435,22.558435,11.558435,213.25,4.8562675,-1.25,2.75,-6.25,4.75,.13313009,.019740922,.005081296,-.011178866,.025406495,-.019308947
1019-001,1.5772358,0,5.846343,388,.26978162,208,38,.15447155,26,2.0162601,0,7.4362421,496,.27113965,214,32,.1300813,28,2.3292682,0,10.307186,573,.22598489,210,36,.14634146,45,2.4390244,0,10.585432,600,.23041332,211,35,.14227642,30,514.25,95.003067,-126.25,-1.3289045,-18.25,-.19209906,58.75,.61840111,85.75,.90260243,17.696646,18.836561,20.303354,14.303354,18.303354,17.303354,210.75,2.5,-2.75,3.25,-.75,.25,.14329268,.010162604,.011178866,-.013211384,.0030487776,-.0010162592
1020-001,1.5650407,0,5.83671,385,.26813748,208,38,.15447155,26,2.0081301,0,7.3833747,494,.27197999,214,32,.1300813,28,2.3211381,0,10.229535,571,.22690554,210,36,.14634146,45,2.4268293,0,10.566443,597,.22967324,211,35,.14227642,30,511.75,95.14682,-126.75,-1.3321518,-17.75,-.18655379,59.25,.62272179,85.25,.8959837,17.696646,18.836561,20.303354,14.303354,18.303354,17.303354,210.75,2.5,-2.75,3.25,-.75,.25,.14329268,.010162604,.011178866,-.013211384,.0030487776,-.0010162592
1021-001,1.5650407,0,5.83671,385,.26813748,208,38,.15447155,26,2,0,7.3423567,492,.27239209,214,32,.1300813,28,2.3211381,0,10.229535,571,.22690554,210,36,.14634146,45,2.4268293,0,10.566443,597,.22967324,211,35,.14227642,30,511.25,95.276352,-126.25,-1.3250927,-19.25,-.20204385,59.75,.62712306,85.75,.90001345,17.696646,18.836561,20.303354,14.303354,18.303354,17.303354,210.75,2.5,-2.75,3.25,-.75,.25,.14329268,.010162604,.011178866,-.013211384,.0030487776,-.0010162592
1022-001,1.5691057,0,5.8394594,386,.26870736,208,38,.15447155,26,2.0081301,0,7.4054542,494,.27116907,214,32,.1300813,28,2.3292682,0,10.307186,573,.22598489,210,36,.14634146,45,2.4308944,0,10.564925,598,.23009102,211,35,.14227642,30,512.75,95.419685,-126.75,-1.3283422,-18.75,-.19650033,60.25,.63142109,85.25,.89342153,17.696646,18.836561,20.303354,14.303354,18.303354,17.303354,210.75,2.5,-2.75,3.25,-.75,.25,.14329268,.010162604,.011178866,-.013211384,.0030487776,-.0010162592
1023-001,1.5691057,0,5.8394594,386,.26870736,208,38,.15447155,26,2.0081301,0,7.4054542,494,.27116907,214,32,.1300813,28,2.3333333,0,10.311212,574,.2262909,210,36,.14634146,45,2.4268293,0,10.526581,597,.23054299,211,35,.14227642,30,512.75,95.335808,-126.75,-1.3295109,-18.75,-.19667321,61.25,.64246583,84.25,.88371831,17.696646,18.836561,20.303354,14.303354,18.303354,17.303354,210.75,2.5,-2.75,3.25,-.75,.25,.14329268,.010162604,.011178866,-.013211384,.0030487776,-.0010162592
1024-001,1.5569105,0,5.7876377,383,.26900622,208,38,.15447155,26,1.995935,0,7.3320642,491,.27222008,214,32,.1300813,28,2.3211381,0,10.228737,571,.22692324,210,36,.14634146,45,2.4186993,0,10.517599,595,.22996686,211,35,.14227642,30,510,95.631233,-127,-1.3280181,-19,-.19867986,61,.63786691,85,.88883096,17.696646,18.836561,20.303354,14.303354,18.303354,17.303354,210.75,2.5,-2.75,3.25,-.75,.25,.14329268,.010162604,.011178866,-.013211384,.0030487776,-.0010162592
1025-001,1.5569105,0,5.7876377,383,.26900622,208,38,.15447155,26,1.9918699,0,7.310039,490,.27248418,214,32,.1300813,28,2.3211381,0,10.228737,571,.22692324,210,36,.14634146,45,2.4186993,0,10.517599,595,.22996686,211,35,.14227642,30,509.75,95.698746,-126.75,-1.3244687,-19.75,-.20637679,61.25,.64002931,85.25,.89081627,17.696646,18.836561,20.303354,14.303354,18.303354,17.303354,210.75,2.5,-2.75,3.25,-.75,.25,.14329268,.010162604,.011178866,-.013211384,.0030487776,-.0010162592
1026-001,1.5609756,0,5.7988687,384,.26918623,208,38,.15447155,26,2,0,7.3479137,492,.2721861,214,32,.1300813,28,2.3211381,0,10.228737,571,.22692324,210,36,.14634146,45,2.4186993,0,10.517599,595,.22996686,211,35,.14227642,30,510.5,95.122726,-126.5,-1.3298609,-18.5,-.19448559,60.5,.63602048,84.5,.88832611,17.696646,18.836561,20.303354,14.303354,18.303354,17.303354,210.75,2.5,-2.75,3.25,-.75,.25,.14329268,.010162604,.011178866,-.013211384,.0030487776,-.0010162592
1038-001,1.9837399,0,6.3038487,488,.3146871,198,48,.19512194,35,2.613821,0,10.176064,643,.25685972,193,53,.21544716,38,2.7886178,0,10.887365,686,.25613341,202,44,.17886178,26,3.113821,0,12.924713,766,.24091993,197,49,.199187,40,645.75,116.86566,-157.75,-1.3498405,-2.75,-.023531292,40.25,.34441254,120.25,1.0289593,24.348577,25.932138,23.651423,28.651423,19.651423,24.651423,197.5,3.6968455,.5,-4.5,4.5,-.5,.19715446,.015027831,-.0020325184,.018292695,-.01829268,.0020325333
1039-001,1.9878049,0,6.3235755,489,.31434825,198,48,.19512194,35,2.6504066,0,10.24873,652,.25860831,193,53,.21544716,38,2.8252032,0,11.0412,695,.25587827,202,44,.17886178,26,3.1382115,0,13.042991,772,.24060521,197,49,.199187,40,652,119.46827,-163,-1.364379,0,0,43,.35992822,120,1.0044508,24.348577,25.932138,23.651423,28.651423,19.651423,24.651423,197.5,3.6968455,.5,-4.5,4.5,-.5,.19715446,.015027831,-.0020325184,.018292695,-.01829268,.0020325333
1040-001,1.9796748,0,6.3151579,487,.31347987,198,48,.19512194,35,2.6504066,0,10.289669,652,.25757939,193,53,.21544716,38,2.7845528,0,10.893095,685,.25562549,202,44,.17886178,26,3.113821,0,12.924082,766,.2409317,197,49,.199187,40,647.5,117.23055,-160.5,-1.3690971,4.5,.038385902,37.5,.31988251,118.5,1.0108287,24.348577,25.932138,23.651423,28.651423,19.651423,24.651423,197.5,3.6968455,.5,-4.5,4.5,-.5,.19715446,.015027831,-.0020325184,.018292695,-.01829268,.0020325333
1041-001,1.9756098,0,6.3399782,486,.31161144,200,46,.18699187,35,2.6300814,0,10.388247,647,.25317857,196,50,.20325203,38,2.7560976,0,10.794059,678,.25533468,203,43,.17479675,41,3.1260164,0,12.872863,769,.2428377,197,49,.199187,40,645,117.96893,-159,-1.3478125,2,.016953617,33,.27973467,124,1.0511242,23.595528,25.105932,22.404472,26.404472,19.404472,25.404472,199,3.1622777,1,-3,4,-2,.19105691,.012854789,-.0040650368,.012195125,-.016260162,.0081300884
1042-001,1.9268292,0,6.2396636,474,.30880338,200,46,.18699187,35,2.5487804,0,10.128746,627,.25163829,196,50,.20325203,38,2.7154472,0,10.445209,668,.25997061,203,43,.17479675,41,3.004065,0,12.386793,739,.24252161,198,48,.19512194,40,627,112.00298,-153,-1.3660351,0,0,41,.36606172,112,.99997342,23.47002,24.964003,22.52998,26.52998,19.52998,24.52998,199.25,2.9860787,.75,-3.25,3.75,-1.25,.19004065,.012138532,-.0030487776,.013211384,-.015243903,.005081296
1043-001,1.9674797,0,6.3037858,484,.31211081,200,46,.18699187,35,2.609756,0,10.319099,642,.2529054,196,50,.20325203,38,2.7520325,0,10.710261,677,.25695288,203,43,.17479675,41,3.0934958,0,12.78565,761,.2419506,197,49,.199187,40,641,115.96838,-157,-1.3538172,1,.0086230403,36,.31042942,120,1.0347648,23.595528,25.105932,22.404472,26.404472,19.404472,25.404472,199,3.1622777,1,-3,4,-2,.19105691,.012854789,-.0040650368,.012195125,-.016260162,.0081300884
1044-001,1.9634147,0,6.3047342,483,.3114191,200,46,.18699187,35,2.605691,0,10.319142,641,.25251043,196,50,.20325203,38,2.7520325,0,10.728157,677,.25652426,203,43,.17479675,41,3.0894308,0,12.78552,760,.24163514,197,49,.199187,40,640.25,116.07289,-157.25,-1.3547522,.75,.0064614569,36.75,.31661141,119.75,1.0316793,23.595528,25.105932,22.404472,26.404472,19.404472,25.404472,199,3.1622777,1,-3,4,-2,.19105691,.012854789,-.0040650368,.012195125,-.016260162,.0081300884
1045-001,1.9674797,0,6.3037858,484,.31211081,200,46,.18699187,35,2.5934958,0,10.210309,638,.25400758,194,52,.21138212,38,2.7601626,0,10.693666,679,.25811192,202,44,.17886178,26,3.0813007,0,12.731509,758,.24202164,197,49,.199187,40,639.75,115.15895,-155.75,-1.3524785,-1.75,-.015196387,39.25,.34083325,118.25,1.0268416,23.972054,25.522755,22.027946,28.027946,20.027946,25.027946,198.25,3.5,1.75,-4.25,3.75,-1.25,.19410568,.014227648,-.0071138144,.017276436,-.015243903,.0050813109
1057-001,.65040648,0,3.4828646,160,.18674469,231,15,.060975611,142,.50406504,0,2.3694448,124,.2127355,230,16,.065040648,150,1.2601626,0,4.2075491,310,.29950038,219,27,.1097561,172,1.0162601,0,3.8955417,250,.26087776,217,29,.11788618,159,211,84.640419,-51,-.60254902,-87,-1.0278777,99,1.1696539,39,.46077275,10.919208,12.519706,4.0807924,5.0807924,16.080791,18.080791,224.25,7.2743845,6.75,5.75,-5.25,-7.25,.088414632,.029570667,-.027439021,-.023373984,.021341465,.029471546
1058-001,.69105691,0,3.5722973,170,.19344887,232,14,.056910571,142,.51626015,0,2.4373245,127,.21181428,231,15,.060975611,150,1.3577236,0,4.4960394,334,.30198213,219,27,.1097561,172,1.0447154,0,4.0890636,257,.25549012,219,27,.1097561,159,222,92.191826,-52,-.56404132,-95,-1.0304601,112,1.2148583,35,.3796432,10.417174,12.017195,3.5828257,4.5828257,16.582825,16.582825,225.25,7.228416,6.75,5.75,-6.25,-6.25,.084349595,.029383805,-.027439024,-.023373984,.025406502,.025406502
1059-001,.69918698,0,3.5535207,172,.19675894,231,15,.060975611,142,.55284554,0,2.4865458,136,.22233474,227,19,.077235773,123,1.406504,0,4.5925183,346,.30625987,214,32,.1300813,147,1.0813009,0,4.0569286,266,.26653188,215,31,.12601626,146,230,94.783966,-58,-.61191785,-94,-.9917289,116,1.2238357,36,.37981108,12.174289,14.067877,2.8257113,6.8257113,19.82571,18.82571,221.75,8.5391254,9.25,5.25,-7.75,-6.75,.098577231,.03471189,-.03760162,-.021341458,.031504065,.027439028
1060-001,.70731705,0,3.5907631,174,.19698238,232,14,.056910571,142,.5487805,0,2.48827,135,.22054701,227,19,.077235773,123,1.406504,0,4.6129141,346,.30490574,214,32,.1300813,147,1.0772358,0,4.102529,265,.26257849,216,30,.12195122,146,230,94.590347,-56,-.59202659,-95,-1.0043308,116,1.2263408,35,.3700166,11.923272,13.854992,2.0767279,7.0767279,20.076729,18.076729,222.25,8.6554413,9.75,4.75,-8.25,-6.25,.096544713,.035184719,-.039634142,-.01930894,.033536583,.02540651
1061-001,.7276423,0,3.6492951,179,.19939256,231,15,.060975611,136,.56097561,0,2.5861368,138,.21691644,227,19,.077235773,123,1.4308943,0,4.6896868,352,.3051151,214,32,.1300813,147,1.097561,0,4.2135148,270,.26048586,216,30,.12195122,146,234.75,95.670876,-55.75,-.58272696,-96.75,-1.0112796,117.25,1.2255559,35.25,.3684507,12.04878,13.88039,2.9512196,6.9512196,19.95122,17.95122,222,8.2865353,9,5,-8,-6,.097560972,.033685099,-.036585361,-.020325199,.032520324,.02439025
1062-001,.7276423,0,3.6682599,179,.19836171,230,16,.065040648,110,.56097561,0,2.6577461,138,.21107194,229,17,.069105692,123,1.398374,0,4.6699033,344,.29944387,221,25,.10162602,172,1.0853659,0,4.338347,267,.25017959,220,26,.10569106,146,232,92.039848,-53,-.57583755,-94,-1.0212967,112,1.2168642,35,.38027006,10.542683,11.691543,5.4573174,6.4573174,14.457317,15.457317,225,5.2281289,5,4,-4,-5,.085365854,.021252559,-.020325206,-.016260162,.016260162,.020325206
1063-001,.67073172,0,3.4936264,165,.19198725,232,14,.056910571,142,.53252035,0,2.5708251,131,.20713986,229,17,.069105692,123,1.308943,0,4.4200473,322,.29613778,221,25,.10162602,172,1.0406504,0,4.0866098,256,.2546488,221,25,.10162602,159,218.5,86.865799,-53.5,-.61589259,-87.5,-1.007301,103.5,1.1914932,37.5,.43170041,10.166159,11.390613,3.8338413,6.8338413,14.833841,14.833841,225.75,5.619905,6.25,3.25,-4.75,-4.75,.082317077,.022845142,-.025406506,-.013211384,.01930894,.01930894
1064-001,.66666669,0,3.5019917,164,.19036786,231,15,.060975611,142,.50813007,0,2.4557171,125,.20691718,231,15,.060975611,150,1.2886178,0,4.3049607,317,.29933324,219,27,.1097561,172,1.0243902,0,3.9753597,252,.25768492,217,29,.11788618,159,214.5,86.55056,-50.5,-.58347398,-89.5,-1.0340776,102.5,1.1842788,37.5,.43327275,10.793699,12.46711,4.2063007,4.2063007,16.206301,18.206301,224.5,7.5498343,6.5,6.5,-5.5,-7.5,.087398373,.030690383,-.026422761,-.026422761,.022357725,.030487806
1076-001,1.3617886,0,4.4386067,335,.30680543,203,43,.17479675,49,1.9390244,0,7.0270863,477,.27593577,212,34,.13821138,40,2.5243902,0,10.33112,621,.24434815,200,46,.18699187,30,2.3373983,0,10.388965,575,.22498856,202,44,.17886178,52,502,126.49638,-167,-1.3201959,-25,-.19763412,119,.94073844,73,.57709163,20.959858,22.496323,22.040142,13.040142,25.040142,23.040142,204.25,5.315073,-1.25,7.75,-4.25,-2.25,.16971545,.021605985,.005081296,-.031504065,.017276421,.0091463327
1077-001,1.3658537,0,4.4580007,336,.30638257,203,43,.17479675,49,1.9146341,0,6.9720163,471,.27461699,212,34,.13821138,40,2.5121951,0,10.289179,618,.24415895,200,46,.18699187,30,2.3373983,0,10.317213,575,.22655326,202,44,.17886178,52,500,125.54681,-164,-1.3062857,-29,-.23098955,118,.93988848,75,.59738678,20.959858,22.496323,22.040142,13.040142,25.040142,23.040142,204.25,5.315073,-1.25,7.75,-4.25,-2.25,.16971545,.021605985,.005081296,-.031504065,.017276421,.0091463327
1078-001,1.3495935,0,4.4197769,332,.30535331,203,43,.17479675,49,1.902439,0,6.8938479,468,.27596185,212,34,.13821138,40,2.4918699,0,10.192731,613,.2444752,200,46,.18699187,30,2.304878,0,10.152336,567,.22702932,202,44,.17886178,52,495,124.37309,-163,-1.3105729,-27,-.21708876,118,.94875824,72,.57890338,20.959858,22.496323,22.040142,13.040142,25.040142,23.040142,204.25,5.315073,-1.25,7.75,-4.25,-2.25,.16971545,.021605985,.005081296,-.031504065,.017276421,.0091463327
1079-001,1.3130082,0,4.3803358,323,.29975057,203,43,.17479675,49,1.8414634,0,6.6794896,453,.27568924,212,34,.13821138,40,2.4430895,0,9.9563751,601,.24537942,200,46,.18699187,30,2.2560976,0,9.8687029,555,.22861135,202,44,.17886178,52,483,123.2991,-160,-1.2976575,-30,-.24331079,118,.95702243,72,.58394587,20.959858,22.496323,22.040142,13.040142,25.040142,23.040142,204.25,5.315073,-1.25,7.75,-4.25,-2.25,.16971545,.021605985,.005081296,-.031504065,.017276421,.0091463327
1080-001,1.2723577,0,4.306972,313,.29541814,203,43,.17479675,49,1.7357724,0,6.3995614,427,.27123302,212,34,.13821138,40,2.3780489,0,9.5451326,585,.24913733,200,46,.18699187,30,2.1869919,0,9.4625788,538,.23112008,202,44,.17886178,52,465.75,121.48354,-152.75,-1.257372,-38.75,-.31897327,119.25,.98161447,72.25,.59473079,20.959858,22.496323,22.040142,13.040142,25.040142,23.040142,204.25,5.315073,-1.25,7.75,-4.25,-2.25,.16971545,.021605985,.005081296,-.031504065,.017276421,.0091463327
1081-001,1.2723577,0,4.2813082,313,.297189,203,43,.17479675,49,1.7845528,0,6.520793,439,.27367112,212,34,.13821138,40,2.4105692,0,9.6990499,593,.24853663,200,46,.18699187,30,2.195122,0,9.6723118,540,.22694905,202,44,.17886178,52,471.25,123.33254,-158.25,-1.2831163,-32.25,-.26148817,121.75,.98716849,68.75,.55743599,20.959858,22.496323,22.040142,13.040142,25.040142,23.040142,204.25,5.315073,-1.25,7.75,-4.25,-2.25,.16971545,.021605985,.005081296,-.031504065,.017276421,.0091463327
1082-001,1.2723577,0,4.2813082,313,.297189,203,43,.17479675,49,1.7886178,0,6.5287461,440,.27396038,212,34,.13821138,40,2.4146342,0,9.7209444,594,.24839503,200,46,.18699187,30,2.199187,0,9.6707516,541,.22740601,202,44,.17886178,52,472,123.76052,-159,-1.2847393,-32,-.25856388,122,.98577476,69,.55752838,20.959858,22.496323,22.040142,13.040142,25.040142,23.040142,204.25,5.315073,-1.25,7.75,-4.25,-2.25,.16971545,.021605985,.005081296,-.031504065,.017276421,.0091463327
1083-001,1.2113822,0,4.2257752,298,.28666508,203,43,.17479675,49,1.6707317,0,6.2519646,411,.26723307,212,34,.13821138,40,2.3211381,0,9.2858524,571,.249965,200,46,.18699187,30,2.113821,0,9.1835728,520,.23017415,202,44,.17886178,52,450,121.33425,-152,-1.2527378,-39,-.32142615,121,.99724519,70,.57691872,20.959858,22.496323,22.040142,13.040142,25.040142,23.040142,204.25,5.315073,-1.25,7.75,-4.25,-2.25,.16971545,.021605985,.005081296,-.031504065,.017276421,.0091463327
1095-001,.73170733,0,2.9251149,180,.25014654,218,28,.11382114,129,1.0325203,0,4.9262891,254,.20959394,225,21,.085365854,113,1.5081301,0,6.5438814,371,.23046415,218,28,.11382114,128,1.3861789,0,6.3207831,341,.21930492,217,29,.11788618,144,286.5,86.619858,-106.5,-1.2295102,-32.5,-.37520266,84.5,.97552687,54.5,.62918597,13.303862,14.313356,14.696138,7.6961384,14.696138,15.696138,219.5,3.6968455,-1.5,5.5,-1.5,-2.5,.10772358,.015027828,.0060975626,-.022357725,.0060975626,.010162599
1096-001,.63414633,0,2.9685929,156,.21361849,226,20,.08130081,129,.90650409,0,4.590518,223,.19747315,227,19,.077235773,113,1.3252033,0,5.7796206,326,.22928898,219,27,.1097561,150,1.2520325,0,5.6468787,308,.22172116,224,22,.089430891,145,253.25,78.872787,-97.25,-1.2329981,-30.25,-.38352898,72.75,.92237133,54.75,.69415575,11.044716,11.941205,8.9552841,7.9552841,15.955284,10.955284,224,3.559026,2,3,-5,0,.089430891,.014467586,-.008130081,-.012195118,.020325206,0
1097-001,.63414633,0,3.0095584,156,.21071075,226,20,.08130081,129,.91056913,0,4.6493506,224,.19584867,227,19,.077235773,113,1.308943,0,5.8143106,322,.22512437,221,25,.10162602,150,1.2560976,0,5.6173439,309,.22361058,224,22,.089430891,145,252.75,77.77478,-96.75,-1.2439765,-28.75,-.3696571,69.25,.89039147,56.25,.72324216,10.793699,11.575833,9.2063007,8.2063007,14.206301,11.206301,224.5,2.6457512,1.5,2.5,-3.5,-.5,.087398373,.010755086,-.0060975626,-.010162599,.014227644,.0020325184
1098-001,.63821137,0,3.012085,157,.21188359,226,20,.08130081,129,.91056913,0,4.6079049,224,.19761023,227,19,.077235773,113,1.3170732,0,5.8054404,324,.22686879,220,26,.10569106,150,1.2479675,0,5.6089849,307,.22249435,224,22,.089430891,145,253,77.489784,-96,-1.238873,-29,-.37424287,71,.91624981,54,.69686604,10.919208,11.754628,9.0807924,8.0807924,15.080792,11.080792,224.25,3.095696,1.75,2.75,-4.25,-.25,.088414632,.012584131,-.0071138218,-.011178859,.017276429,.0010162592
1099-001,.63414633,0,2.9685929,156,.21361849,226,20,.08130081,129,.90650409,0,4.590518,223,.19747315,227,19,.077235773,113,1.3211383,0,5.7469177,325,.22988641,219,27,.1097561,150,1.2520325,0,5.6468787,308,.22172116,224,22,.089430891,145,253,78.566322,-97,-1.2346257,-30,-.381843,72,.9164232,55,.70004547,11.044716,11.941205,8.9552841,7.9552841,15.955284,10.955284,224,3.559026,2,3,-5,0,.089430891,.014467586,-.008130081,-.012195118,.020325206,0
1100-001,.67479676,0,3.1802859,166,.21218117,224,22,.089430891,128,.95934957,0,4.7283745,236,.20289205,227,19,.077235773,113,1.3780488,0,6.2446194,339,.22067779,223,23,.093495935,134,1.2723577,0,5.6966701,313,.22335114,223,23,.093495935,145,263.5,78.343262,-97.5,-1.2445232,-27.5,-.35101935,75.5,.96370763,49.5,.63183481,10.919208,11.644733,11.080792,8.0807924,12.080792,12.080792,224.25,1.8929695,-.25,2.75,-1.25,-1.25,.088414632,.0076949974,.0010162592,-.011178859,.0050813034,.0050813034
1101-001,.68699187,0,3.1885626,169,.21545504,223,23,.093495935,123,.96341461,0,4.7383242,237,.20332392,226,20,.08130081,113,1.3902439,0,6.3079271,342,.22039631,223,23,.093495935,134,1.2926829,0,5.7679362,318,.22411533,222,24,.097560972,145,266.5,79.012657,-97.5,-1.2339795,-29.5,-.37335789,75.5,.9555431,51.5,.65179431,11.295732,12.031418,11.704268,8.7042685,11.704268,12.704268,223.5,1.7320508,-.5,2.5,-.5,-1.5,.091463417,.0070408573,.0020325184,-.010162607,.0020325184,.0060975552
1102-001,.73577237,0,3.0863922,181,.23839238,216,30,.12195122,123,1.0162601,0,4.8318396,250,.21032572,224,22,.089430891,113,1.4796748,0,6.5351167,364,.22641903,218,28,.11382114,128,1.3739837,0,6.1090746,338,.22490865,215,31,.12601626,144,283.25,83.822731,-102.25,-1.2198362,-33.25,-.39667043,80.75,.96334249,54.75,.65316409,13.931402,15.00657,16.068598,8.0685978,14.068598,17.068598,218.25,4.0311289,-2.25,5.75,-.25,-3.25,.11280487,.016386705,.0091463476,-.023373984,.0010162666,.013211384
1114-001,2.7439024,0,6.9637151,675,.39402854,183,63,.25609756,29,3.7317073,0,10.357742,918,.36028191,194,52,.21138212,33,2.5243902,0,9.3362045,621,.2703872,203,43,.17479675,24,3.7439024,0,13.549737,921,.27630812,198,48,.19512194,38,783.75,158.29797,-108.75,-.68699551,134.25,.84808415,-162.75,-1.0281243,137.25,.86703575,25.854675,27.975666,37.145325,26.145325,17.145325,22.145325,194.5,8.5049009,-11.5,-.5,8.5,3.5,.20934959,.034572765,.046747968,.0020325333,-.034552842,-.014227644
1115-001,2.7398374,0,6.9515376,674,.39413401,184,62,.25203252,29,3.7276423,0,10.344426,917,.36035272,194,52,.21138212,33,2.5162601,0,9.3156519,619,.27011102,203,43,.17479675,24,3.7520325,0,13.559525,923,.27670828,198,48,.19512194,38,783.25,159.51254,-109.25,-.68489909,133.75,.83849204,-164.25,-1.0296996,139.75,.87610668,25.729166,27.788118,36.270836,26.270834,17.270834,22.270834,194.75,8.0570879,-10.75,-.75,8.25,3.25,.20833333,.032752391,.04369919,.0030487925,-.033536583,-.013211384
1116-001,2.7398374,0,6.9509506,674,.3941673,183,63,.25609756,29,3.7276423,0,10.344426,917,.36035272,194,52,.21138212,33,2.5162601,0,9.321784,619,.26993331,203,43,.17479675,24,3.7398374,0,13.544387,920,.27611715,198,48,.19512194,38,782.5,158.6411,-108.5,-.68393373,134.5,.84782571,-163.5,-1.0306283,137.5,.86673629,25.854675,27.975666,37.145325,26.145325,17.145325,22.145325,194.5,8.5049009,-11.5,-.5,8.5,3.5,.20934959,.034572765,.046747968,.0020325333,-.034552842,-.014227644
1118-001,2.7398374,0,6.9515376,674,.39413401,184,62,.25203252,29,3.7276423,0,10.344426,917,.36035272,194,52,.21138212,33,2.5081301,0,9.3104029,617,.26939008,203,43,.17479675,24,3.7479675,0,13.556289,922,.27647445,198,48,.19512194,38,782.5,159.90935,-108.5,-.67850941,134.5,.84110153,-165.5,-1.0349613,139.5,.87236929,25.729166,27.788118,36.270836,26.270834,17.270834,22.270834,194.75,8.0570879,-10.75,-.75,8.25,3.25,.20833333,.032752391,.04369919,.0030487925,-.033536583,-.013211384
1119-001,2.7398374,0,6.9515376,674,.39413401,184,62,.25203252,29,3.7276423,0,10.344426,917,.36035272,194,52,.21138212,33,2.5081301,0,9.3104029,617,.26939008,203,43,.17479675,24,3.7479675,0,13.556289,922,.27647445,198,48,.19512194,38,782.5,159.90935,-108.5,-.67850941,134.5,.84110153,-165.5,-1.0349613,139.5,.87236929,25.729166,27.788118,36.270836,26.270834,17.270834,22.270834,194.75,8.0570879,-10.75,-.75,8.25,3.25,.20833333,.032752391,.04369919,.0030487925,-.033536583,-.013211384
1120-001,2.7357724,0,6.9522643,673,.39350811,184,62,.25203252,29,3.7235773,0,10.343331,916,.35999787,194,52,.21138212,33,2.5121951,0,9.3095217,618,.26985222,203,43,.17479675,24,3.7398374,0,13.544387,920,.27611715,198,48,.19512194,38,781.75,158.93054,-108.75,-.6842612,134.25,.84470862,-163.75,-1.0303243,138.25,.86987686,25.729166,27.788118,36.270836,26.270834,17.270834,22.270834,194.75,8.0570879,-10.75,-.75,8.25,3.25,.20833333,.032752391,.04369919,.0030487925,-.033536583,-.013211384
1121-001,2.7398374,0,6.9515376,674,.39413401,184,62,.25203252,29,3.7276423,0,10.344426,917,.36035272,194,52,.21138212,33,2.5121951,0,9.313467,618,.2697379,203,43,.17479675,24,3.7520325,0,13.559525,923,.27670828,198,48,.19512194,38,783,159.85619,-109,-.68186289,134,.83825344,-165,-1.0321778,140,.8757872,25.729166,27.788118,36.270836,26.270834,17.270834,22.270834,194.75,8.0570879,-10.75,-.75,8.25,3.25,.20833333,.032752391,.04369919,.0030487925,-.033536583,-.013211384
1122-001,2.7317073,0,6.9482908,672,.39314809,184,62,.25203252,29,3.7317073,0,10.347886,918,.36062509,194,52,.21138212,33,2.5121951,0,9.313467,618,.2697379,203,43,.17479675,24,3.7479675,0,13.554482,922,.27651131,198,48,.19512194,38,782.5,160.30284,-110.5,-.68932027,135.5,.8452751,-164.5,-1.0261827,139.5,.87022787,25.729166,27.788118,36.270836,26.270834,17.270834,22.270834,194.75,8.0570879,-10.75,-.75,8.25,3.25,.20833333,.032752391,.04369919,.0030487925,-.033536583,-.013211384
1133-001,2.7398374,0,6.9615121,674,.39356929,183,63,.25609756,29,3.7398374,0,10.414148,920,.35911122,194,52,.21138212,33,2.5569105,0,9.4144278,629,.27159488,203,43,.17479675,24,3.7520325,0,13.430679,923,.27936283,198,48,.19512194,38,786.5,156.96815,-112.5,-.71670586,133.5,.85049099,-157.5,-1.0033883,136.5,.86960316,25.854675,27.975666,37.145325,26.145325,17.145325,22.145325,194.5,8.5049009,-11.5,-.5,8.5,3.5,.20934959,.034572765,.046747968,.0020325333,-.034552842,-.014227644
1134-001,2.7357724,0,6.9616518,673,.39297748,183,63,.25609756,29,3.7520325,0,10.431481,923,.35968357,194,52,.21138212,33,2.5528455,0,9.3831835,628,.27206603,203,43,.17479675,24,3.7560976,0,13.425435,924,.27977473,198,48,.19512194,38,787,158.68417,-114,-.71840811,136,.85704827,-159,-1.0019903,137,.86335009,25.854675,27.975666,37.145325,26.145325,17.145325,22.145325,194.5,8.5049009,-11.5,-.5,8.5,3.5,.20934959,.034572765,.046747968,.0020325333,-.034552842,-.014227644
1135-001,2.7357724,0,6.9616518,673,.39297748,183,63,.25609756,29,3.7479675,0,10.433536,922,.35922316,194,52,.21138212,33,2.5569105,0,9.3975039,629,.272084,203,43,.17479675,24,3.7560976,0,13.451859,924,.27922514,198,48,.19512194,38,787,158.06538,-114,-.72122055,135,.85407692,-158,-.99958634,137,.86672992,25.854675,27.975666,37.145325,26.145325,17.145325,22.145325,194.5,8.5049009,-11.5,-.5,8.5,3.5,.20934959,.034572765,.046747968,.0020325333,-.034552842,-.014227644
1136-001,2.7398374,0,6.9615121,674,.39356929,183,63,.25609756,29,3.7439024,0,10.41523,921,.35946423,194,52,.21138212,33,2.5528455,0,9.3831835,628,.27206603,203,43,.17479675,24,3.7520325,0,13.420039,923,.27958432,198,48,.19512194,38,786.5,157.58701,-112.5,-.71389133,134.5,.85349679,-158.5,-1.0057936,136.5,.86618817,25.854675,27.975666,37.145325,26.145325,17.145325,22.145325,194.5,8.5049009,-11.5,-.5,8.5,3.5,.20934959,.034572765,.046747968,.0020325333,-.034552842,-.014227644
1137-001,2.7357724,0,6.9616518,673,.39297748,183,63,.25609756,29,3.7520325,0,10.431481,923,.35968357,194,52,.21138212,33,2.5528455,0,9.3831835,628,.27206603,203,43,.17479675,24,3.7520325,0,13.420039,923,.27958432,198,48,.19512194,38,786.75,158.39691,-113.75,-.71813267,136.25,.86018091,-158.75,-1.0022291,136.25,.86018091,25.854675,27.975666,37.145325,26.145325,17.145325,22.145325,194.5,8.5049009,-11.5,-.5,8.5,3.5,.20934959,.034572765,.046747968,.0020325333,-.034552842,-.014227644
1139-001,2.7357724,0,6.9616518,673,.39297748,183,63,.25609756,29,3.7439024,0,10.41523,921,.35946423,194,52,.21138212,33,2.5528455,0,9.3831835,628,.27206603,203,43,.17479675,24,3.7520325,0,13.420039,923,.27958432,198,48,.19512194,38,786.25,157.82559,-113.25,-.71756423,134.75,.85379058,-158.25,-1.0026891,136.75,.86646277,25.854675,27.975666,37.145325,26.145325,17.145325,22.145325,194.5,8.5049009,-11.5,-.5,8.5,3.5,.20934959,.034572765,.046747968,.0020325333,-.034552842,-.014227644
1140-001,2.7357724,0,6.9616518,673,.39297748,183,63,.25609756,29,3.7520325,0,10.431481,923,.35968357,194,52,.21138212,33,2.5528455,0,9.3831835,628,.27206603,203,43,.17479675,24,3.7520325,0,13.420039,923,.27958432,198,48,.19512194,38,786.75,158.39691,-113.75,-.71813267,136.25,.86018091,-158.75,-1.0022291,136.25,.86018091,25.854675,27.975666,37.145325,26.145325,17.145325,22.145325,194.5,8.5049009,-11.5,-.5,8.5,3.5,.20934959,.034572765,.046747968,.0020325333,-.034552842,-.014227644
1142-001,2.7398374,0,6.9615121,674,.39356929,183,63,.25609756,29,3.7479675,0,10.430406,922,.35933095,194,52,.21138212,33,2.5528455,0,9.3831835,628,.27206603,203,43,.17479675,24,3.7479675,0,13.40977,922,.2794953,198,48,.19512194,38,786.5,157.5849,-112.5,-.71390086,135.5,.85985398,-158.5,-1.005807,135.5,.85985398,25.854675,27.975666,37.145325,26.145325,17.145325,22.145325,194.5,8.5049009,-11.5,-.5,8.5,3.5,.20934959,.034572765,.046747968,.0020325333,-.034552842,-.014227644
1152-001,2.7967479,0,7.0623569,688,.39600772,184,62,.25203252,29,3.8414633,0,10.810203,945,.35535535,192,54,.21951219,33,2.7113822,0,9.8209496,667,.27608147,204,42,.17073171,24,3.8211381,0,13.529428,940,.2824316,199,47,.19105691,38,810,153.25143,-122,-.79607737,135,.88090527,-143,-.93310708,130,.84827918,25.729166,27.870253,36.270836,28.270834,16.270834,21.270834,194.75,8.6938677,-10.75,-2.75,9.25,4.25,.20833333,.035340924,.04369919,.011178866,-.03760162,-.017276421
1153-001,2.7967479,0,7.0623569,688,.39600772,184,62,.25203252,29,3.8414633,0,10.810203,945,.35535535,192,54,.21951219,33,2.7113822,0,9.8209496,667,.27608147,204,42,.17073171,24,3.808943,0,13.500116,937,.28214151,199,47,.19105691,38,809.25,152.40817,-121.25,-.79556102,135.75,.89070028,-142.25,-.93334889,127.75,.83820963,25.729166,27.870253,36.270836,28.270834,16.270834,21.270834,194.75,8.6938677,-10.75,-2.75,9.25,4.25,.20833333,.035340924,.04369919,.011178866,-.03760162,-.017276421
1154-001,2.7967479,0,7.0623569,688,.39600772,184,62,.25203252,29,3.8414633,0,10.810203,945,.35535535,192,54,.21951219,33,2.7073171,0,9.8164644,666,.27579349,204,42,.17073171,24,3.8170731,0,13.502951,939,.28268436,199,47,.19105691,38,809.5,153.28079,-121.5,-.79266292,135.5,.88399857,-143.5,-.93619037,129.5,.84485471,25.729166,27.870253,36.270836,28.270834,16.270834,21.270834,194.75,8.6938677,-10.75,-2.75,9.25,4.25,.20833333,.035340924,.04369919,.011178866,-.03760162,-.017276421
1155-001,2.7967479,0,7.0623569,688,.39600772,184,62,.25203252,29,3.8455284,0,10.809695,946,.35574809,192,54,.21951219,33,2.7032521,0,9.8148861,665,.27542368,204,42,.17073171,24,3.808943,0,13.500116,937,.28214151,199,47,.19105691,38,809,153.32971,-121,-.78914905,137,.89349937,-144,-.9391526,128,.83480233,25.729166,27.870253,36.270836,28.270834,16.270834,21.270834,194.75,8.6938677,-10.75,-2.75,9.25,4.25,.20833333,.035340924,.04369919,.011178866,-.03760162,-.017276421
1156-001,2.7967479,0,7.0623569,688,.39600772,184,62,.25203252,29,3.8414633,0,10.810203,945,.35535535,192,54,.21951219,33,2.7113822,0,9.8209496,667,.27608147,204,42,.17073171,24,3.8130081,0,13.504254,938,.28235605,199,47,.19105691,38,809.5,152.68814,-121.5,-.79573959,135.5,.88742977,-142.5,-.93327487,128.5,.84158468,25.729166,27.870253,36.270836,28.270834,16.270834,21.270834,194.75,8.6938677,-10.75,-2.75,9.25,4.25,.20833333,.035340924,.04369919,.011178866,-.03760162,-.017276421
1158-001,2.7967479,0,7.0623569,688,.39600772,184,62,.25203252,29,3.8414633,0,10.810203,945,.35535535,192,54,.21951219,33,2.7113822,0,9.8209496,667,.27608147,204,42,.17073171,24,3.8130081,0,13.504254,938,.28235605,199,47,.19105691,38,809.5,152.68814,-121.5,-.79573959,135.5,.88742977,-142.5,-.93327487,128.5,.84158468,25.729166,27.870253,36.270836,28.270834,16.270834,21.270834,194.75,8.6938677,-10.75,-2.75,9.25,4.25,.20833333,.035340924,.04369919,.011178866,-.03760162,-.017276421
1159-001,2.7967479,0,7.0623569,688,.39600772,184,62,.25203252,29,3.8455284,0,10.809695,946,.35574809,192,54,.21951219,33,2.7032521,0,9.8148861,665,.27542368,204,42,.17073171,24,3.808943,0,13.500116,937,.28214151,199,47,.19105691,38,809,153.32971,-121,-.78914905,137,.89349937,-144,-.9391526,128,.83480233,25.729166,27.870253,36.270836,28.270834,16.270834,21.270834,194.75,8.6938677,-10.75,-2.75,9.25,4.25,.20833333,.035340924,.04369919,.011178866,-.03760162,-.017276421
1162-001,2.7967479,0,7.0623569,688,.39600772,184,62,.25203252,29,3.8414633,0,10.802271,945,.35561627,193,53,.21544716,33,2.7032521,0,9.8148861,665,.27542368,204,42,.17073171,24,3.804878,0,13.495673,936,.28193319,199,47,.19105691,38,808.5,152.75362,-120.5,-.78885204,136.5,.89359587,-143.5,-.9394213,127.5,.83467746,25.603659,27.727751,36.396339,27.396341,16.396341,21.396341,195,8.6023254,-11,-2,9,4,.20731707,.034968801,.044715449,.0081300884,-.036585361,-.016260162
1171-001,2.7235773,0,6.9191256,670,.39363027,185,61,.24796748,33,3.7276423,0,10.351131,917,.36011931,193,53,.21544716,40,2.4146342,0,9.3275337,594,.25887167,203,43,.17479675,24,3.7560976,0,14.014769,924,.26800996,199,47,.19105691,37,776.25,169.45476,-106.25,-.627011,140.75,.83060521,-182.25,-1.0755084,147.75,.87191415,25.603659,27.629684,35.396339,27.396341,17.396341,21.396341,195,7.8315601,-10,-2,8,4,.20731707,.031835612,.040650412,.0081300884,-.032520324,-.016260162
1172-001,2.7276423,0,6.9195824,671,.39419174,185,61,.24796748,33,3.7235773,0,10.344515,916,.35995668,193,53,.21544716,40,2.4146342,0,9.3240328,594,.25896886,202,44,.17886178,22,3.7601626,0,14.014111,925,.2683126,199,47,.19105691,37,776.5,169.26213,-105.5,-.62329358,139.5,.82416546,-182.5,-1.0782093,148.5,.8773374,25.729166,27.721205,35.270836,27.270834,18.270834,21.270834,194.75,7.5,-9.75,-1.75,7.25,4.25,.20833333,.030487809,.039634153,.0071138293,-.029471546,-.017276421
1173-001,2.7235773,0,6.9191256,670,.39363027,185,61,.24796748,33,3.7317073,0,10.353407,918,.3604328,193,53,.21544716,40,2.4146342,0,9.3275337,594,.25887167,203,43,.17479675,24,3.7560976,0,14.014769,924,.26800996,199,47,.19105691,37,776.5,169.73215,-106.5,-.62745923,141.5,.83366644,-182.5,-1.0752236,147.5,.86901629,25.603659,27.629684,35.396339,27.396341,17.396341,21.396341,195,7.8315601,-10,-2,8,4,.20731707,.031835612,.040650412,.0081300884,-.032520324,-.016260162
1174-001,2.7276423,0,6.9195824,671,.39419174,185,61,.24796748,33,3.7276423,0,10.351131,917,.36011931,193,53,.21544716,40,2.4146342,0,9.3240328,594,.25896886,202,44,.17886178,22,3.7601626,0,14.014111,925,.2683126,199,47,.19105691,37,776.75,169.53735,-105.75,-.62375635,140.25,.82725132,-182.75,-1.0779335,148.25,.87443858,25.729166,27.721205,35.270836,27.270834,18.270834,21.270834,194.75,7.5,-9.75,-1.75,7.25,4.25,.20833333,.030487809,.039634153,.0071138293,-.029471546,-.017276421
1175-001,2.7276423,0,6.9195824,671,.39419174,185,61,.24796748,33,3.7235773,0,10.350432,916,.3597509,193,53,.21544716,40,2.4146342,0,9.3240328,594,.25896886,202,44,.17886178,22,3.7601626,0,14.014111,925,.2683126,199,47,.19105691,37,776.5,169.26213,-105.5,-.62329358,139.5,.82416546,-182.5,-1.0782093,148.5,.8773374,25.729166,27.721205,35.270836,27.270834,18.270834,21.270834,194.75,7.5,-9.75,-1.75,7.25,4.25,.20833333,.030487809,.039634153,.0071138293,-.029471546,-.017276421
1176-001,2.7235773,0,6.9191256,670,.39363027,185,61,.24796748,33,3.7317073,0,10.353407,918,.3604328,193,53,.21544716,40,2.4105692,0,9.328371,593,.25841266,204,42,.17073171,24,3.7601626,0,14.022554,925,.26815104,199,47,.19105691,37,776.5,170.38095,-106.5,-.62506986,141.5,.8304919,-183.5,-1.0769984,148.5,.87157631,25.478151,27.542395,35.521851,27.521849,16.521849,21.521849,195.25,8.1802607,-10.25,-2.25,8.75,3.75,.20630081,.033253092,.041666672,.0091463476,-.035569102,-.015243903
1177-001,2.7357724,0,6.9169493,673,.3955172,183,63,.25609756,33,3.7276423,0,10.342058,917,.36043525,192,54,.21951219,40,2.4105692,0,9.3204918,593,.25863111,201,45,.18292683,22,3.7642276,0,14.013452,926,.26861531,199,47,.19105691,37,777.25,169.77705,-104.25,-.61404055,139.75,.82313836,-184.25,-1.0852468,148.75,.876149,26.231199,28.32106,36.768799,27.768801,18.768801,20.768801,193.75,8.13941,-10.75,-1.75,7.25,5.25,.21239838,.03308703,.043699175,.0071138144,-.029471546,-.021341473
1179-001,2.7357724,0,6.9169493,673,.3955172,183,63,.25609756,33,3.7276423,0,10.351131,917,.36011931,193,53,.21544716,40,2.4146342,0,9.3240328,594,.25896886,202,44,.17886178,22,3.7601626,0,14.014111,925,.2683126,199,47,.19105691,37,777.25,169.12396,-104.25,-.61641175,139.75,.82631695,-183.25,-1.0835247,147.75,.87361956,25.980183,28.090216,37.019817,27.019817,18.019817,21.019817,194.25,8.3815269,-11.25,-1.25,7.75,4.75,.21036585,.034071248,.045731708,.0050813109,-.031504065,-.01930894
1191-001,2.7276423,0,6.8941712,671,.39564469,186,60,.24390244,33,3.7113822,0,10.315534,913,.35978577,194,52,.21138212,33,2.4552846,0,9.2566595,604,.2652452,203,43,.17479675,24,3.7398374,0,13.770917,920,.27157503,201,45,.18292683,38,777,163.41154,-106,-.648669,136,.83225453,-173,-1.0586767,143,.8750912,25.101625,27.090944,34.898376,26.898375,17.898375,19.898375,196,7.7028131,-10,-2,7,5,.20325203,.031312253,.040650412,.0081300884,-.028455287,-.020325199
1192-001,2.7276423,0,6.8941712,671,.39564469,186,60,.24390244,33,3.7195122,0,10.321297,915,.36037257,194,52,.21138212,33,2.4512196,0,9.2561979,603,.26481926,203,43,.17479675,24,3.7398374,0,13.728467,920,.27241477,201,45,.18292683,38,777.25,164.32158,-106.25,-.64659798,137.75,.83829528,-174.25,-1.0604206,142.75,.86872339,25.101625,27.090944,34.898376,26.898375,17.898375,19.898375,196,7.7028131,-10,-2,7,5,.20325203,.031312253,.040650412,.0081300884,-.028455287,-.020325199
1193-001,2.7276423,0,6.8941712,671,.39564469,186,60,.24390244,33,3.7154472,0,10.315845,914,.36016893,194,52,.21138212,33,2.4512196,0,9.2561979,603,.26481926,203,43,.17479675,24,3.7398374,0,13.728467,920,.27241477,201,45,.18292683,38,777,164.04268,-106,-.6461733,137,.83514851,-174,-1.0606996,143,.87172437,25.101625,27.090944,34.898376,26.898375,17.898375,19.898375,196,7.7028131,-10,-2,7,5,.20325203,.031312253,.040650412,.0081300884,-.028455287,-.020325199
1194-001,2.7276423,0,6.8941712,671,.39564469,186,60,.24390244,33,3.7154472,0,10.315845,914,.36016893,194,52,.21138212,33,2.4552846,0,9.2566595,604,.2652452,203,43,.17479675,24,3.7317073,0,13.717008,918,.27204967,201,45,.18292683,38,776.75,163.11014,-105.75,-.64833492,137.25,.841456,-172.75,-1.0591003,141.25,.86597925,25.101625,27.090944,34.898376,26.898375,17.898375,19.898375,196,7.7028131,-10,-2,7,5,.20325203,.031312253,.040650412,.0081300884,-.028455287,-.020325199
1195-001,2.7235773,0,6.8877897,670,.39542109,186,60,.24390244,33,3.7195122,0,10.322483,915,.36033115,194,52,.21138212,33,2.4552846,0,9.2566595,604,.2652452,203,43,.17479675,24,3.7439024,0,13.766398,921,.27195948,201,45,.18292683,38,777.5,164.47594,-107.5,-.65359104,137.5,.83598852,-173.5,-1.0548656,143.5,.87246805,25.101625,27.090944,34.898376,26.898375,17.898375,19.898375,196,7.7028131,-10,-2,7,5,.20325203,.031312253,.040650412,.0081300884,-.028455287,-.020325199
1196-001,2.7276423,0,6.8941712,671,.39564469,186,60,.24390244,33,3.7113822,0,10.315534,913,.35978577,194,52,.21138212,33,2.4552846,0,9.2566595,604,.2652452,203,43,.17479675,24,3.7439024,0,13.770253,921,.27188334,201,45,.18292683,38,777.25,163.70375,-106.25,-.64903826,135.75,.82924187,-173.25,-1.0583142,143.75,.87811059,25.101625,27.090944,34.898376,26.898375,17.898375,19.898375,196,7.7028131,-10,-2,7,5,.20325203,.031312253,.040650412,.0081300884,-.028455287,-.020325199
1198-001,2.7235773,0,6.8877897,670,.39542109,186,60,.24390244,33,3.7195122,0,10.322483,915,.36033115,194,52,.21138212,33,2.4552846,0,9.2566595,604,.2652452,203,43,.17479675,24,3.7439024,0,13.766398,921,.27195948,201,45,.18292683,38,777.5,164.47594,-107.5,-.65359104,137.5,.83598852,-173.5,-1.0548656,143.5,.87246805,25.101625,27.090944,34.898376,26.898375,17.898375,19.898375,196,7.7028131,-10,-2,7,5,.20325203,.031312253,.040650412,.0081300884,-.028455287,-.020325199
1201-001,2.7276423,0,6.8941712,671,.39564469,186,60,.24390244,33,3.7073171,0,10.316804,912,.35934743,195,51,.20731707,33,2.4552846,0,9.2566595,604,.2652452,203,43,.17479675,24,3.7439024,0,13.770253,921,.27188334,201,45,.18292683,38,777,163.42786,-106,-.64860421,135,.82605255,-173,-1.0585711,144,.88112271,24.976118,26.951584,35.02388,26.023882,18.023882,20.023882,196.25,7.6321688,-10.25,-1.25,6.75,4.75,.20223577,.031025078,.041666672,.005081296,-.027439028,-.01930894
1209-001,2.4837399,0,6.5749788,611,.37775633,187,59,.23983739,33,3.2723577,0,8.8885965,805,.36815235,188,58,.23577236,38,2.1585367,0,7.990509,531,.27013758,201,45,.18292683,24,3.2682927,0,11.310513,804,.28896061,189,57,.23170732,48,687.75,138.71162,-76.75,-.55330616,117.25,.84527886,-156.75,-1.1300423,116.25,.83806962,27.48628,29.459986,31.51372,30.51372,17.51372,29.51372,191.25,6.5510812,-4.25,-3.25,9.75,-2.25,.22256097,.026630409,.017276421,.013211384,-.039634138,.0091463476
1210-001,2.5,0,6.6109061,615,.37816298,187,59,.23983739,33,3.2560976,0,8.8504276,801,.36790285,188,58,.23577236,38,2.1747968,0,7.957408,535,.27330467,201,45,.18292683,24,3.2926829,0,11.179232,810,.2945357,189,57,.23170732,48,690.25,137.07753,-75.25,-.54895943,110.75,.80793697,-155.25,-1.1325707,119.75,.87359321,27.48628,29.459986,31.51372,30.51372,17.51372,29.51372,191.25,6.5510812,-4.25,-3.25,9.75,-2.25,.22256097,.026630409,.017276421,.013211384,-.039634138,.0091463476
1211-001,2.5,0,6.6109061,615,.37816298,187,59,.23983739,33,3.2601626,0,8.8505392,802,.36835751,188,58,.23577236,38,2.1707318,0,7.9253736,534,.27389646,201,45,.18292683,24,3.2926829,0,11.156206,810,.2951436,189,57,.23170732,48,690.25,137.72527,-75.25,-.5463776,111.75,.81139797,-156.25,-1.134505,119.75,.8694846,27.48628,29.459986,31.51372,30.51372,17.51372,29.51372,191.25,6.5510812,-4.25,-3.25,9.75,-2.25,.22256097,.026630409,.017276421,.013211384,-.039634138,.0091463476
1212-001,2.5,0,6.6324801,615,.37693289,187,59,.23983739,33,3.2642276,0,8.8810339,803,.3675504,188,58,.23577236,38,2.1544716,0,7.920557,530,.27201012,201,45,.18292683,24,3.2804878,0,11.243074,807,.29177853,189,57,.23170732,48,688.75,138.65636,-73.75,-.53189051,114.25,.82397956,-158.75,-1.1449169,118.25,.85282785,27.48628,29.459986,31.51372,30.51372,17.51372,29.51372,191.25,6.5510812,-4.25,-3.25,9.75,-2.25,.22256097,.026630409,.017276421,.013211384,-.039634138,.0091463476
1213-001,2.5203252,0,6.624444,620,.38045838,187,59,.23983739,33,3.2520325,0,8.854003,800,.36729518,188,58,.23577236,38,2.1707318,0,7.9310369,534,.27370089,201,45,.18292683,24,3.3170731,0,11.263317,816,.29450232,189,57,.23170732,48,692.5,138.06641,-72.5,-.52510965,107.5,.77861083,-158.5,-1.1479983,123.5,.8944971,27.48628,29.459986,31.51372,30.51372,17.51372,29.51372,191.25,6.5510812,-4.25,-3.25,9.75,-2.25,.22256097,.026630409,.017276421,.013211384,-.039634138,.0091463476
1214-001,2.4918699,0,6.584919,613,.37842074,187,59,.23983739,33,3.2520325,0,8.8567686,800,.36718047,188,58,.23577236,38,2.1626017,0,7.9952784,532,.27048486,201,45,.18292683,24,3.2723577,0,11.355616,805,.28817087,189,57,.23170732,48,687.5,136.86124,-74.5,-.54434699,112.5,.82200044,-155.5,-1.1361873,117.5,.8585338,27.48628,29.459986,31.51372,30.51372,17.51372,29.51372,191.25,6.5510812,-4.25,-3.25,9.75,-2.25,.22256097,.026630409,.017276421,.013211384,-.039634138,.0091463476
1215-001,2.4837399,0,6.593576,611,.37669086,187,59,.23983739,33,3.2479675,0,8.8626423,799,.36647847,188,58,.23577236,38,2.1626017,0,7.9492002,532,.27205274,201,45,.18292683,24,3.2560976,0,11.148875,801,.29205614,189,57,.23170732,48,685.75,135.81206,-74.75,-.55039299,113.25,.83387291,-153.75,-1.1320791,115.25,.8485992,27.48628,29.459986,31.51372,30.51372,17.51372,29.51372,191.25,6.5510812,-4.25,-3.25,9.75,-2.25,.22256097,.026630409,.017276421,.013211384,-.039634138,.0091463476
1217-001,2.5,0,6.6324801,615,.37693289,187,59,.23983739,33,3.2601626,0,8.8809242,802,.36709723,188,58,.23577236,38,2.1544716,0,7.920557,530,.27201012,201,45,.18292683,24,3.2723577,0,11.155076,805,.29335144,189,57,.23170732,48,688,137.81389,-73,-.52969986,114,.82720256,-158,-1.1464738,117,.84897101,27.48628,29.459986,31.51372,30.51372,17.51372,29.51372,191.25,6.5510812,-4.25,-3.25,9.75,-2.25,.22256097,.026630409,.017276421,.013211384,-.039634138,.0091463476
1229-001,2.7154472,0,9.2073793,668,.29492074,180,66,.2682927,33,3.6300814,0,10.575161,893,.34326488,190,56,.22764228,38,2.3292682,0,8.5629311,573,.27201763,204,42,.17073171,24,3.3292682,0,12.494297,819,.26646304,199,47,.19105691,29,738.25,144.58072,-70.25,-.48588774,154.75,1.0703363,-165.25,-1.1429602,80.75,.55851156,26.482216,28.920403,39.517784,29.517784,15.517784,20.517784,193.25,10.563301,-13.25,-3.25,10.75,5.75,.2144309,.042940255,.053861797,.013211384,-.04369919,-.023373991
1230-001,2.7317073,0,9.2507677,672,.29529521,182,64,.26016259,33,3.6422765,0,10.630438,896,.34262714,192,54,.21951219,38,2.3333333,0,8.5958385,574,.27144918,206,40,.16260162,24,3.3252032,0,12.497834,818,.26606235,200,46,.18699187,29,740,144.45299,-68,-.47074139,156,1.0799361,-166,-1.1491628,78,.53996807,25.603659,27.989281,38.396339,28.396341,14.396341,20.396341,195,10.392304,-13,-3,11,5,.20731707,.042245138,.052845523,.012195125,-.044715449,-.020325199
1231-001,2.7195122,0,9.1988564,669,.29563591,179,67,.27235773,33,3.6504066,0,10.566396,898,.3454732,189,57,.23170732,38,2.3536584,0,8.5786238,579,.27436316,198,48,.19512194,24,3.3373983,0,12.479697,821,.26742622,196,50,.20325203,29,741.75,144.30841,-72.75,-.50412863,156.25,1.0827504,-162.75,-1.1277928,79.25,.54917103,27.862804,30.074955,39.137196,29.137196,20.137196,22.137196,190.5,8.5829287,-11.5,-1.5,7.5,5.5,.22560975,.034889959,.046747983,.0060975701,-.030487806,-.022357717
1232-001,2.7276423,0,9.2385073,671,.29524708,181,65,.26422763,33,3.6422765,0,10.610454,896,.34327245,191,55,.22357723,38,2.3373983,0,8.5902166,575,.27210003,204,42,.17073171,24,3.3292682,0,12.501809,819,.26630291,200,46,.18699187,29,740.25,144.41,-69.25,-.47953743,155.75,1.0785264,-165.25,-1.1443113,78.75,.54532236,26.105692,28.480888,38.89431,28.894308,15.894308,19.894308,194,10.230673,-13,-3,10,6,.21138211,.041588094,.052845523,.012195125,-.040650398,-.024390236
